Employee_ID,Name,Age,Department,Salary,Joining_Date
1,Samantha Livingston,56.0,HR,84028.0,2022-11-23
2,Sandra Nicholson,32.0,hr,101128.0,2023-06-21
3,Darryl Lewis,38.0,HR,112806.0,2022-05-26
4,Michael Rodriguez,36.0,it,86830.0,2019-01-17
5,Joseph Cooper,28.0,HR,,2017-07-20
6,Colton Spencer,53.0,finance,79649.0,2018-11-22
7,Mrs. Catherine Morris,20.0,hr,63885.0,2021-01-20
8,Michael Delgado,19.0,IT,60676.0,2018-04-04
9,Ryan Carter,47.0,IT,80799.0,2023-07-20
10,Tyrone Compton,38.0,hr,102307.0,2019-10-14
11,Justin Bennett,39.0,finance,61923.0,2023-07-04
12,Tom Hart,42.0,Finance,108388.0,2016-04-03
13,Crystal Kim,59.0,HR,-1.0,2019-01-01
14,Susan Moran,33.0,finance,65464.0,2018-01-11
15,Mary Hill,20.0,it,49456.0,2021-09-25
16,Jeremy Sullivan,24.0,hr,76922.0,2015-06-07
17,Dustin Carr,56.0,HR,66639.0,2019-05-14
18,Dawn Mcdonald,,IT,113424.0,2020-07-01
19,Margaret Clark,26.0,Finance,108840.0,2015-04-20
20,Steve Hill,19.0,it,,2017-01-10
21,Patricia Scott,24.0,IT,59963.0,2020-03-19
22,Haley Martin,25.0,hr,82265.0,2023-07-16
23,Melissa Fleming,31.0,HR,58810.0,2015-07-09
24,Sergio Hale,57.0,hr,52800.0,2018-01-06
25,Amber Carroll,23.0,HR,105476.0,2016-07-06
26,Allison Kim MD,21.0,finance,,2024-03-29
27,Lisa Oliver,35.0,Finance,75397.0,2015-07-15
28,Samantha White,51.0,finance,55068.0,2017-07-13
29,Cynthia Mitchell,53.0,finance,100453.0,2023-08-28
30,Jennifer Wolfe,32.0,hr,116242.0,2022-08-06
31,Jimmy Hunter,40.0,Finance,53383.0,2017-11-17
32,Jasmine Jones,57.0,HR,53666.0,2024-12-20
33,Richard Rowland,35.0,HR,64642.0,2023-02-18
34,Robert Cole,41.0,it,40234.0,2025-03-19
35,Sara Caldwell,58.0,IT,41410.0,2018-01-16
36,Kimberly Newman,18.0,it,31051.0,2024-03-06
37,Angela Reynolds,26.0,it,106918.0,2020-07-17
38,Robert Weber,25.0,HR,86563.0,2017-08-14
39,Beverly Clark,28.0,hr,,2019-09-25
40,James Hill,25.0,finance,30307.0,2019-03-30
41,Dr. Jeffrey Rowland Jr.,50.0,finance,65944.0,2021-08-03
42,Matthew Wyatt,59.0,finance,,2019-09-11
43,Eric Waller,,Finance,117225.0,2018-11-10
44,Kevin Bishop,26.0,HR,85021.0,2018-10-16
45,Michele Perez,51.0,hr,109866.0,2015-07-18
46,Debbie Collins,40.0,Finance,31961.0,2021-07-01
47,Christopher Aguilar,54.0,IT,62551.0,2016-10-31
48,Jordan Dean,57.0,hr,85755.0,2019-01-27
49,James Ramos,52.0,it,78847.0,2016-01-04
50,Chad Stewart,,hr,50389.0,2020-04-01
51,Melissa Armstrong,20.0,hr,91576.0,2020-12-08
52,Joseph Bush,43.0,finance,112103.0,2017-10-18
53,Robert Mcknight,31.0,hr,118535.0,2016-10-14
54,Stephanie Johnson,26.0,it,106524.0,2019-08-19
55,Sophia Fuller,43.0,it,35698.0,2023-08-21
56,Wendy Frye,30.0,HR,85805.0,2024-02-25
57,Marie Larsen,49.0,hr,80248.0,2024-09-16
58,Timothy Young,49.0,finance,74041.0,2022-10-25
59,Jeremy Curtis,54.0,hr,99783.0,2022-02-10
60,Robert Gamble,32.0,IT,49738.0,2020-03-31
61,Sarah Brown,,IT,79422.0,2019-01-05
62,Cheryl Richardson,24.0,finance,42392.0,2018-01-19
63,Mary Black,39.0,HR,45641.0,2025-01-21
64,Dana Morton,59.0,HR,48782.0,2016-06-09
65,Donna Wilson,23.0,it,,2021-01-02
66,Sandra Roberts,37.0,it,50566.0,2016-02-13
67,Daniel Lutz,28.0,Finance,36511.0,2020-11-26
68,Robert Scott,45.0,finance,56177.0,2021-05-30
69,Richard Alexander,50.0,hr,53929.0,2021-01-17
70,Brianna Walker,44.0,finance,59523.0,2024-05-18
71,Kristine Rogers,30.0,Finance,107525.0,2019-04-28
72,Angela Weaver,56.0,it,64812.0,2024-04-14
73,Michael Mcgee,44.0,finance,81493.0,2021-09-30
74,Daniel Baker,54.0,finance,70953.0,2017-05-25
75,Vickie Butler,59.0,it,84195.0,2019-12-12
76,Rachel Glenn,32.0,Finance,53576.0,2018-12-02
77,Jill Shepherd,49.0,it,55464.0,2023-06-10
78,Scott Nash,58.0,HR,65440.0,2015-12-01
79,Alejandro Harris,29.0,hr,86683.0,2019-08-19
80,Sierra Jackson,19.0,it,31987.0,2018-10-22
81,Mrs. Stephanie Williams,54.0,Finance,108484.0,2016-11-15
82,Michael Buchanan,34.0,IT,98309.0,2016-05-04
83,Eric Powers,19.0,HR,-1.0,2020-07-14
84,Isaiah Lloyd,40.0,IT,86561.0,2020-12-31
85,Charlotte Johnson,50.0,it,37347.0,2025-01-12
86,Adam Collins,19.0,HR,85798.0,2016-12-27
87,Norman Padilla,,hr,116207.0,2016-08-23
88,Jodi Hill,49.0,it,90652.0,2021-04-19
89,Denise Moore,28.0,hr,,2019-11-20
90,Steven Harris,34.0,finance,50316.0,2022-06-19
91,Ashley Olson,41.0,IT,60266.0,2018-04-24
92,David Huber,51.0,HR,54000.0,2017-11-26
93,Jeffrey Cook,28.0,hr,32866.0,2017-04-16
94,Randy James,33.0,Finance,48395.0,2024-03-20
95,Jenny Chen,23.0,hr,34006.0,2021-06-03
96,Victor Clark,20.0,Finance,80042.0,2016-10-14
97,Tony Campbell,53.0,it,,2019-12-31
98,Thomas Tran,20.0,HR,92901.0,2021-08-27
99,James Hernandez,37.0,hr,,2016-02-03
100,Jennifer Frederick,58.0,hr,118020.0,2017-04-24
101,Christopher Roman,,HR,69454.0,2018-01-21
102,Michael Mccullough,18.0,hr,84710.0,2018-07-03
103,Troy Scott,42.0,Finance,105886.0,2022-02-16
104,Elizabeth Smith,48.0,hr,59432.0,2017-04-21
105,Andrea Rivers,52.0,IT,-1.0,2017-10-28
106,Richard Jackson,33.0,it,35454.0,2019-11-25
107,Joshua Mitchell,,finance,73618.0,2015-06-17
108,Angel Vargas,29.0,Finance,77111.0,2015-11-04
109,Todd Wiggins,49.0,IT,89993.0,2021-04-09
110,Michael Mercado,26.0,it,108672.0,2023-10-19
111,Diane Powell,36.0,HR,116444.0,2019-07-02
112,Tony Ward,20.0,Finance,102045.0,2016-11-27
113,Zachary Mitchell,50.0,finance,79223.0,2021-06-09
114,Jennifer Keller DVM,,it,95333.0,2021-04-13
115,Robert Miller,53.0,finance,79420.0,2020-09-30
116,Sheila Jones,37.0,HR,39460.0,2017-04-07
117,James Collins,42.0,HR,39275.0,2024-04-15
118,Benjamin Romero,46.0,Finance,43269.0,2017-09-13
119,Timothy Mills,35.0,hr,95942.0,2018-12-25
120,Rachael Kim,52.0,HR,,2016-08-23
121,Kayla Miller,58.0,it,47369.0,2025-02-18
122,Kristopher Avila,21.0,hr,98154.0,2017-12-03
123,Alexis Price,38.0,IT,118209.0,2024-01-29
124,Luke Roberts,25.0,finance,35368.0,2019-06-21
125,Sarah Norris,34.0,hr,90294.0,2020-07-06
126,Mr. Kenneth Shepherd,29.0,finance,37566.0,2016-08-28
127,Nicole Everett,39.0,hr,54042.0,2015-08-10
128,William Castillo,,IT,57042.0,2021-10-07
129,Drew Shields,25.0,HR,48323.0,2022-10-02
130,Elizabeth Gilbert,51.0,IT,,2021-12-11
131,Renee Martinez,50.0,HR,40283.0,2022-07-29
132,Gary Brown,50.0,HR,92780.0,2024-01-15
133,Carly Campbell,36.0,finance,80225.0,2021-06-17
134,Amanda Lang,,it,67663.0,2024-04-19
135,Kevin Murphy,,IT,91381.0,2016-03-12
136,Anna Freeman MD,23.0,hr,106173.0,2023-09-07
137,Jennifer Morrison,,IT,59134.0,2019-08-26
138,Stephanie Mccarthy,46.0,finance,99443.0,2020-02-16
139,Sarah Flores,,HR,76799.0,2020-06-25
140,Rodney Lopez,50.0,finance,92653.0,2022-07-08
141,Anna Allen,38.0,Finance,35313.0,2021-10-14
142,Logan Cox,50.0,Finance,58807.0,2022-10-12
143,Eric Murphy,35.0,hr,75226.0,2023-12-16
144,Ashley Thomas,48.0,finance,33558.0,2024-09-16
145,Nicholas Turner,20.0,hr,82999.0,2021-04-08
146,Craig Graves,41.0,hr,,2020-05-31
147,Darlene Byrd,39.0,Finance,63769.0,2016-12-19
148,Steve Walker,44.0,hr,83218.0,2021-11-09
149,Lauren Nichols,43.0,Finance,57877.0,2023-07-14
150,Barry Johnson,50.0,HR,68084.0,2016-05-27
151,Melissa Snyder,56.0,finance,46806.0,2017-04-05
152,Patricia Ford MD,43.0,hr,-1.0,2024-04-03
153,Suzanne Mcneil,42.0,Finance,49094.0,2016-04-01
154,Rebecca Armstrong,24.0,IT,,2017-04-15
155,Tiffany Lee,37.0,hr,69531.0,2021-12-15
156,Gerald Gardner,33.0,it,113973.0,2020-04-18
157,Richard Valencia,40.0,HR,49601.0,2021-08-03
158,Anthony Dodson,51.0,HR,101545.0,2022-09-05
159,Ivan Juarez,40.0,IT,39417.0,2020-10-06
160,Katrina Herman,42.0,Finance,-1.0,2023-01-05
161,Angie Padilla,39.0,hr,108270.0,2016-11-30
162,Tara Odonnell,39.0,Finance,33722.0,2020-08-27
163,Ms. Rachel Alvarado DDS,59.0,HR,,2018-11-24
164,Ebony Martinez,54.0,Finance,88819.0,2017-05-24
165,Diana Griffith,22.0,HR,71938.0,2015-06-10
166,Christine Lozano,23.0,Finance,79877.0,2023-07-07
167,Nicole Rivas,47.0,IT,70469.0,2016-10-30
168,Travis Perez,57.0,finance,114117.0,2023-01-02
169,Carlos Smith,,IT,57386.0,2023-10-08
170,Penny Watkins,59.0,IT,43704.0,2020-09-11
171,Heather Sims,34.0,finance,92993.0,2019-08-16
172,Lisa Booker,36.0,finance,55416.0,2016-02-21
173,Derek Dickerson,43.0,hr,-1.0,2019-09-04
174,Anthony Evans,40.0,hr,108916.0,2016-06-29
175,Miss Stacey Robinson,29.0,IT,,2020-05-29
176,Shawn Adams,18.0,IT,93768.0,2022-12-07
177,Traci White,49.0,HR,61980.0,2022-01-11
178,Whitney Wheeler,42.0,HR,115016.0,2024-12-13
179,Charlene Rojas,,hr,115481.0,2022-09-14
180,Rebecca Lee,56.0,it,60009.0,2015-10-05
181,Thomas Cervantes,22.0,it,36782.0,2017-07-23
182,Robert Mills,20.0,hr,55933.0,2023-09-19
183,Christina Holloway,33.0,HR,105874.0,2022-07-21
184,Joseph Allison,39.0,HR,80772.0,2020-06-24
185,Jermaine Lawson,31.0,it,116700.0,2024-06-16
186,Shane Atkins,47.0,Finance,115712.0,2018-04-06
187,Kimberly Shannon,22.0,Finance,35695.0,2017-07-04
188,James Jacobson,43.0,HR,77224.0,2018-11-03
189,Ms. Brittany Gray,38.0,Finance,90410.0,2023-04-05
190,Stephanie Chandler,50.0,finance,54816.0,2017-07-03
191,Jessica Hill,54.0,hr,91922.0,2019-01-01
192,Timothy Lane,,hr,,2021-01-25
193,Samantha Calderon,53.0,HR,109211.0,2024-04-25
194,Mark Frazier,48.0,IT,71198.0,2017-12-12
195,Regina Hernandez,36.0,it,46459.0,2016-03-18
196,Mathew Lucas,18.0,HR,94486.0,2024-01-06
197,Betty Fox,21.0,Finance,34922.0,2023-09-20
198,Monica Maldonado,33.0,it,34686.0,2015-04-16
199,Keith Hernandez,45.0,IT,62006.0,2015-07-05
200,Diana Farrell,44.0,Finance,42205.0,2017-09-24
201,Leslie Johnson,29.0,finance,48443.0,2023-10-10
202,Jose Fleming,50.0,Finance,58202.0,2022-05-14
203,Dr. Rebecca Torres,54.0,finance,91692.0,2022-11-16
204,Angela Jones,,it,113747.0,2024-12-21
205,Rhonda Garcia MD,27.0,finance,68724.0,2021-06-13
206,Megan Brooks,46.0,it,82003.0,2022-09-29
207,Leslie Wilson,48.0,it,45972.0,2019-08-07
208,Logan Cox,52.0,it,52927.0,2017-09-17
209,Melody Lucero,43.0,it,96630.0,2024-01-29
210,James Butler,43.0,it,82347.0,2018-03-12
211,Ronald Mcmillan,51.0,Finance,118860.0,2023-11-13
212,Michele Owens,24.0,it,75283.0,2016-10-12
213,Kelly Carlson,28.0,Finance,119874.0,2019-07-24
214,Geoffrey Bell,53.0,it,33092.0,2021-01-08
215,Anthony Joseph,53.0,finance,53862.0,2016-12-18
216,Donna Rice,26.0,it,109507.0,2021-11-14
217,Marcus Stewart,,IT,34926.0,2016-03-25
218,Tiffany Blackburn,53.0,it,65733.0,2020-11-18
219,Kelly Rose,56.0,it,69876.0,2021-04-15
220,Charles Sanchez,,finance,46428.0,2018-08-01
221,Adam Waller,54.0,hr,94140.0,2019-06-23
222,Steven Schultz,30.0,finance,113829.0,2019-03-21
223,Catherine Floyd,52.0,IT,65349.0,2015-09-03
224,Eric Ortiz,34.0,hr,96467.0,2022-07-20
225,Morgan Jones,37.0,HR,109762.0,2022-03-29
226,Ashley Bryan,39.0,HR,118302.0,2022-09-13
227,Jessica Maxwell,36.0,IT,113231.0,2024-03-24
228,Kevin Edwards,,finance,113793.0,2020-01-17
229,Elizabeth Petty,36.0,Finance,89222.0,2024-11-13
230,Tasha Lester,,IT,33748.0,2021-03-21
231,April Ortiz,,hr,,2016-10-05
232,Riley Wang,36.0,hr,69560.0,2020-07-06
233,Jennifer Gomez,33.0,it,105910.0,2024-09-11
234,Steven Frey,52.0,HR,107986.0,2022-11-29
235,Michelle Kim,38.0,hr,84460.0,2017-09-14
236,Kelsey Morgan,40.0,IT,56206.0,2016-05-22
237,Julie Thomas,56.0,hr,52337.0,2016-08-20
238,Kyle Sloan,,IT,31161.0,2018-12-26
239,Barry Edwards,31.0,Finance,-1.0,2023-07-03
240,Alexa Pitts,22.0,it,119389.0,2016-01-08
241,John Wilcox,46.0,HR,33178.0,2022-05-23
242,Carla Hays,,hr,63654.0,2022-11-02
243,Tara Munoz,26.0,IT,82550.0,2018-10-16
244,Ashley Moore,34.0,finance,88251.0,2023-05-28
245,Joshua Miller,24.0,HR,119312.0,2025-01-18
246,Brendan Nolan,57.0,Finance,37135.0,2020-05-26
247,Steven Krueger,44.0,IT,51684.0,2020-08-10
248,Kimberly Diaz,22.0,it,51889.0,2018-12-07
249,Kelly Callahan,,it,78899.0,2023-08-08
250,Melvin Thompson,18.0,Finance,69321.0,2024-06-24
251,Susan Meza,,Finance,71777.0,2016-11-27
252,Penny King,42.0,it,70130.0,2023-08-22
253,Jesse Jones,53.0,hr,-1.0,2024-02-17
254,Robert Holmes,48.0,hr,114149.0,2017-10-08
255,Gabriel Rodriguez,56.0,IT,59327.0,2024-11-27
256,Stephanie Smith,43.0,finance,45029.0,2019-07-11
257,Rachel Thompson,20.0,IT,86997.0,2024-09-04
258,Mrs. Leslie Brady,45.0,finance,92559.0,2015-08-27
259,Catherine Ruiz,37.0,Finance,,2023-11-08
260,David Johnson,58.0,HR,63783.0,2017-01-05
261,Kimberly Vargas,20.0,IT,81502.0,2015-07-05
262,Andrew Bond,42.0,IT,70469.0,2022-08-17
263,Patricia Adams,55.0,finance,89754.0,2024-12-01
264,Laura Fletcher,49.0,Finance,73169.0,2024-04-11
265,Brandon Walsh,38.0,Finance,35543.0,2023-05-03
266,Gregory Bell Jr.,,finance,81033.0,2017-01-06
267,Sabrina Garcia,54.0,Finance,99345.0,2023-06-30
268,Scott Wolf,,it,102742.0,2018-10-26
269,Juan Schmitt,35.0,hr,58992.0,2021-12-30
270,William Porter,31.0,it,78803.0,2018-10-22
271,Candace Steele,18.0,HR,43210.0,2022-10-12
272,Kenneth Harris,,IT,,2019-04-12
273,Ryan Wilson,28.0,HR,37452.0,2024-04-06
274,Louis Harris,49.0,IT,57236.0,2017-02-17
275,Nathan Wood,55.0,hr,97708.0,2018-10-11
276,Lisa Jones,45.0,Finance,49053.0,2018-01-26
277,Lindsay Thomas,45.0,it,119745.0,2021-08-02
278,Natalie Smith,25.0,finance,,2025-02-01
279,James Turner,45.0,it,50811.0,2015-06-02
280,Chris Conrad,58.0,hr,35573.0,2022-05-26
281,Noah Woods,44.0,HR,109267.0,2015-09-12
282,Karen Harris,34.0,finance,73646.0,2019-04-30
283,Deborah Haynes,37.0,Finance,83687.0,2018-10-20
284,Lori Lowe,46.0,hr,57564.0,2017-05-01
285,Christopher Aguilar,52.0,finance,37697.0,2018-02-10
286,Molly Sanchez,35.0,hr,47046.0,2016-01-01
287,Kimberly Reyes,22.0,hr,83370.0,2017-02-10
288,Lisa Bryant,19.0,Finance,35060.0,2022-12-18
289,Stephen Hernandez,47.0,IT,90519.0,2021-08-19
290,Matthew Mcdaniel,22.0,finance,91158.0,2021-10-31
291,Anthony Glass,50.0,Finance,108533.0,2018-12-23
292,Antonio Mathis,,hr,102684.0,2021-10-18
293,Tina Parker,28.0,Finance,114284.0,2022-01-20
294,Charlotte Jones,,IT,111422.0,2016-10-14
295,David Davis,44.0,it,55256.0,2020-09-15
296,Kayla Gonzales,50.0,finance,67419.0,2016-08-13
297,Cynthia Martinez,52.0,IT,-1.0,2019-10-23
298,Angela Williams,38.0,HR,53382.0,2018-03-14
299,Keith Donovan,23.0,finance,52394.0,2016-12-23
300,Maria Stout,,IT,30864.0,2023-04-10
301,Michael Moreno,,hr,43666.0,2020-09-18
302,Debra Carney,40.0,finance,111845.0,2023-06-26
303,Joseph Roach,54.0,finance,-1.0,2019-02-18
304,Chad Berg,36.0,Finance,-1.0,2019-07-25
305,Diana Garcia,31.0,hr,78924.0,2017-10-06
306,Omar King,,HR,90824.0,2023-11-25
307,Kelly Clayton,30.0,it,64753.0,2021-07-03
308,Jessica Leonard,18.0,IT,114698.0,2016-01-21
309,Billy Newman,49.0,Finance,55216.0,2021-12-23
310,David Waters,48.0,IT,92047.0,2024-02-02
311,Lori Crawford,43.0,HR,,2024-12-24
312,Bryan Patterson,20.0,HR,34042.0,2024-10-28
313,Barry Rubio MD,29.0,finance,,2015-12-09
314,Tina Herman,22.0,HR,80733.0,2015-04-11
315,Nicole Pittman,34.0,IT,115886.0,2015-12-16
316,Dr. James Leonard,40.0,hr,111006.0,2018-04-24
317,Nancy Boyer,38.0,hr,37493.0,2016-01-27
318,Sarah Turner,28.0,finance,84383.0,2016-12-18
319,David Hood,55.0,it,77234.0,2018-07-19
320,Gary Martinez,51.0,IT,35594.0,2021-08-29
321,Jeffrey Cohen,51.0,IT,77315.0,2017-01-03
322,Alejandro Mccoy,32.0,HR,-1.0,2019-05-15
323,Sandra Dennis,51.0,IT,,2015-10-16
324,Dr. Christopher Robinson MD,55.0,Finance,37130.0,2019-02-14
325,Mary Robbins,32.0,it,82664.0,2019-10-04
326,Matthew Smith,59.0,HR,73059.0,2016-03-26
327,Sarah Jones,22.0,Finance,91269.0,2020-07-12
328,Cody Sims,,finance,115959.0,2022-12-03
329,David Johnson,27.0,hr,70745.0,2022-01-19
330,Robert Burgess,37.0,finance,53154.0,2015-10-14
331,William Newman,51.0,hr,86396.0,2021-03-28
332,Eric Owens,19.0,finance,43331.0,2016-12-19
333,Douglas Coleman,28.0,IT,114719.0,2021-08-23
334,Dean Chavez,40.0,Finance,100411.0,2023-11-09
335,Amber Reeves,48.0,hr,85734.0,2020-09-11
336,Ethan Castillo,33.0,HR,106441.0,2019-06-22
337,Kenneth Carter,57.0,Finance,111418.0,2020-02-23
338,Joshua Garcia,42.0,HR,72431.0,2017-10-27
339,Debra Weaver,20.0,Finance,34837.0,2021-01-17
340,Nicholas Dixon,49.0,Finance,-1.0,2022-11-21
341,Jamie Davis,36.0,finance,109079.0,2025-03-09
342,Richard Hopkins,35.0,hr,60771.0,2024-09-26
343,Makayla Jimenez,39.0,hr,95911.0,2017-09-29
344,Dylan Matthews,18.0,Finance,118422.0,2022-04-07
345,Ryan Keith,29.0,IT,103369.0,2019-08-22
346,Teresa Marsh,51.0,IT,,2016-12-27
347,Dr. Spencer Hernandez Jr.,43.0,HR,117460.0,2019-05-20
348,Vanessa Olson,26.0,HR,,2020-10-28
349,Daniel Barajas,39.0,finance,104328.0,2016-06-23
350,Joseph Ramirez,47.0,Finance,66405.0,2015-08-24
351,Steven Smith,34.0,HR,45989.0,2022-10-13
352,Nicholas Wilson,18.0,HR,68367.0,2023-05-28
353,Kenneth Summers,52.0,it,109481.0,2017-03-09
354,Matthew Coffey,32.0,Finance,60133.0,2020-12-21
355,Joe Johnson,39.0,finance,57052.0,2016-02-11
356,Brittney Oneill,45.0,HR,70475.0,2024-06-27
357,Jonathan Thomas,41.0,finance,87656.0,2023-01-24
358,David Swanson,43.0,hr,76546.0,2021-08-29
359,Donna Henry,24.0,finance,57405.0,2015-12-01
360,Brian Medina,40.0,IT,,2019-07-17
361,Christopher Kelley,35.0,IT,108543.0,2020-11-07
362,Andrew Weaver,52.0,finance,65315.0,2024-05-26
363,Katherine Castillo,42.0,IT,44414.0,2023-01-12
364,Steven Mueller,45.0,hr,30946.0,2022-11-25
365,Rachel Gonzalez,34.0,Finance,45540.0,2023-05-28
366,Debbie Love,43.0,IT,71203.0,2018-07-11
367,Sarah Sullivan,42.0,IT,41350.0,2019-07-13
368,John Leblanc,37.0,finance,,2020-09-01
369,Kenneth Proctor,27.0,hr,47576.0,2023-03-01
370,Brett Wilson,35.0,Finance,113384.0,2025-02-17
371,Daniel Mills,39.0,finance,75436.0,2015-06-18
372,Frederick Sanders,25.0,finance,52490.0,2019-12-05
373,Tamara Tate,36.0,it,35867.0,2019-01-09
374,Frank Mcdowell,54.0,hr,39121.0,2021-03-23
375,Tim Hale,43.0,Finance,47027.0,2016-06-04
376,Linda Landry,23.0,hr,38921.0,2023-12-31
377,James Benjamin MD,50.0,Finance,40310.0,2021-11-24
378,Deborah White MD,38.0,hr,99922.0,2022-08-20
379,Michael Buck,21.0,finance,112839.0,2025-01-31
380,Jacqueline Butler,47.0,finance,38947.0,2024-01-28
381,Tracy Burton,26.0,HR,91816.0,2023-12-13
382,Dawn Brown,48.0,IT,-1.0,2020-10-15
383,Lisa Nichols,,it,41618.0,2021-05-18
384,Jennifer Johnson,23.0,hr,37354.0,2022-11-19
385,Chelsea Murray,,it,116436.0,2016-08-20
386,Sharon Carney,32.0,HR,35037.0,2016-11-27
387,Cameron Morris,47.0,IT,94550.0,2024-10-26
388,Tara Martinez,19.0,hr,103373.0,2023-10-31
389,Adriana Murphy,25.0,Finance,101947.0,2025-01-05
390,John Hall,22.0,IT,30692.0,2019-11-22
391,Ms. Miranda Mckinney MD,21.0,finance,103984.0,2024-03-11
392,Rebecca Snyder,50.0,HR,,2024-09-30
393,Virginia Davidson,29.0,IT,36533.0,2018-10-20
394,Emily Wilson,43.0,IT,39927.0,2021-11-27
395,Courtney Valdez,55.0,finance,54594.0,2017-09-11
396,Joseph Spencer,,hr,,2025-03-06
397,Madison Anderson,30.0,Finance,-1.0,2017-09-29
398,Sarah Brown,50.0,finance,36089.0,2022-09-24
399,Mary Graham,27.0,Finance,37797.0,2022-12-05
400,Margaret Williams,,hr,,2021-12-29
401,Melissa Anderson,30.0,IT,79556.0,2016-08-09
402,Jeffrey Fowler,37.0,Finance,56140.0,2017-01-27
403,Troy Cruz,54.0,HR,64493.0,2016-11-29
404,Alyssa Williams,26.0,HR,52195.0,2020-09-21
405,Laura Salinas,41.0,finance,46555.0,2021-07-24
406,Hunter Pham,52.0,hr,48690.0,2015-09-03
407,Justin Cook,22.0,finance,78849.0,2024-07-29
408,Austin Rios,,finance,79056.0,2016-08-13
409,Stacey Barrera,,it,111502.0,2022-12-22
410,Andrea Murphy,29.0,finance,100211.0,2019-05-20
411,Krystal Holmes,18.0,it,57843.0,2015-08-30
412,Lisa Edwards,39.0,HR,69516.0,2015-08-22
413,Tim Walker,46.0,HR,47857.0,2025-03-10
414,Richard Ponce,58.0,finance,114101.0,2020-08-09
415,Andrea Adkins,47.0,HR,85798.0,2024-11-09
416,Caroline Reyes,54.0,hr,105318.0,2020-04-13
417,Brittney Gonzalez,31.0,it,117902.0,2019-06-04
418,Aaron Ward,21.0,it,105163.0,2015-06-12
419,Michael Shannon,59.0,finance,108002.0,2018-03-27
420,Frederick Little,57.0,HR,87608.0,2016-04-05
421,Jason Ross,57.0,Finance,102095.0,2018-09-15
422,David Moreno,55.0,it,117593.0,2018-12-16
423,Linda Black MD,32.0,finance,107242.0,2018-09-14
424,Matthew Walker,34.0,finance,107606.0,2018-05-14
425,Michelle Rivers,19.0,hr,30924.0,2024-07-02
426,Cindy Roy,57.0,IT,101042.0,2016-07-20
427,Mitchell Hanson,56.0,IT,110846.0,2016-11-27
428,Jessica Henry DVM,23.0,it,35515.0,2015-07-05
429,Ashley Jackson,25.0,hr,,2018-07-19
430,Jake Smith,32.0,hr,115058.0,2023-07-25
431,Alexis Simmons,50.0,hr,50470.0,2020-01-09
432,Cheryl Parks,56.0,it,67038.0,2022-11-13
433,Alan Montgomery,46.0,IT,112476.0,2023-05-13
434,Andrea Holland,50.0,hr,41279.0,2024-09-30
435,Aaron Owens,44.0,HR,82719.0,2019-04-09
436,David Brennan,21.0,finance,,2015-05-06
437,Ashley Fields,27.0,finance,,2019-07-11
438,Anthony Mack,27.0,Finance,71798.0,2023-05-09
439,Joshua Yoder,55.0,Finance,,2018-11-09
440,James Lamb,53.0,it,44308.0,2017-01-31
441,Sarah Peterson,32.0,it,,2016-12-25
442,Thomas Smith,22.0,finance,39837.0,2024-03-18
443,Cole Dominguez,21.0,HR,,2015-09-24
444,Christopher Trujillo,19.0,IT,56299.0,2020-01-15
445,Barry Stevenson,53.0,IT,60063.0,2023-09-27
446,James Simon,44.0,it,98472.0,2023-05-15
447,Michelle Kelley,,HR,109854.0,2017-06-20
448,Jeffrey Adams,57.0,it,57672.0,2021-09-09
449,Anne Kelley,25.0,IT,95066.0,2016-03-08
450,Richard Robles,,it,57281.0,2018-10-24
451,William Wilson,,hr,80494.0,2017-05-26
452,Donna Turner,57.0,it,48610.0,2016-04-17
453,Karen Mccoy,42.0,finance,76751.0,2018-03-25
454,Kaitlyn Bailey,57.0,it,60951.0,2019-01-09
455,William Lucas,29.0,finance,89872.0,2018-02-08
456,Tyler Bennett,21.0,HR,92712.0,2016-04-06
457,David Fisher,54.0,IT,,2018-11-15
458,Alison Sosa,59.0,Finance,62230.0,2017-12-04
459,Jeffrey Rogers,48.0,Finance,98876.0,2023-02-06
460,Maria Gregory,46.0,IT,75203.0,2023-03-02
461,Kevin Blair,,Finance,114817.0,2023-01-09
462,Dr. Dustin Williams DVM,40.0,it,,2020-06-18
463,Joel Deleon,,HR,79646.0,2020-03-11
464,Dale Walker,53.0,HR,99322.0,2025-03-02
465,Sabrina Owens,18.0,IT,39190.0,2023-12-28
466,Sandra Fowler,57.0,Finance,,2020-12-27
467,Tanya Rogers,26.0,it,110428.0,2015-03-30
468,Rachel French,27.0,HR,73240.0,2017-12-19
469,Jordan Russell,43.0,HR,73894.0,2016-06-03
470,Julie Gardner,42.0,hr,86759.0,2018-03-28
471,Nathan Wolf,55.0,hr,85371.0,2015-07-22
472,Joseph Peters,35.0,HR,113232.0,2020-03-03
473,Jennifer Marsh,44.0,IT,-1.0,2016-10-13
474,Steven Livingston,41.0,finance,,2016-03-21
475,Lisa Osborne,23.0,finance,35730.0,2024-09-10
476,John Palmer,50.0,it,101138.0,2016-12-18
477,Donald Brown,39.0,HR,75349.0,2020-12-15
478,Mrs. Christine Morris MD,38.0,HR,113286.0,2015-06-05
479,Mark Manning,,HR,44997.0,2018-07-05
480,Tiffany Perry,37.0,IT,75039.0,2021-09-28
481,Samantha Ford,45.0,hr,38876.0,2023-11-11
482,Maria Brown,57.0,HR,93723.0,2018-09-15
483,Edwin Rodriguez,18.0,HR,-1.0,2017-07-29
484,Juan Brown,47.0,Finance,,2024-07-04
485,Anthony Fernandez,36.0,IT,40304.0,2018-10-18
486,Shannon Martin,47.0,it,47010.0,2015-05-16
487,Keith Blair,46.0,HR,61658.0,2021-10-02
488,Mrs. Marilyn Curry,57.0,Finance,31375.0,2019-11-11
489,Randy Phillips,18.0,finance,30490.0,2022-04-03
490,Thomas Wilson,19.0,it,115216.0,2023-11-05
491,Regina Lewis,47.0,HR,51398.0,2020-06-19
492,April Andrews,21.0,HR,33159.0,2023-07-27
493,Robin Ward,46.0,Finance,47065.0,2019-09-22
494,Abigail Davidson,20.0,IT,76511.0,2016-03-05
495,Hannah Allen,27.0,HR,59320.0,2019-03-13
496,Patricia Lowe,51.0,finance,111720.0,2024-07-31
497,Reginald Parks,,HR,70025.0,2020-09-04
498,Karen Arias,49.0,finance,78940.0,2018-12-27
499,Ricky Smith,46.0,it,44678.0,2020-07-06
500,Dawn Chambers,20.0,it,42021.0,2021-02-10
501,Tina Elliott,25.0,hr,103755.0,2017-03-26
502,Michael Owens,54.0,hr,60232.0,2015-11-05
503,Barbara Dominguez,50.0,finance,104024.0,2022-04-09
504,Linda Owen,25.0,IT,81448.0,2023-08-10
505,Taylor Jensen,,HR,30901.0,2024-08-08
506,Mr. David Cox,49.0,HR,113597.0,2020-03-14
507,Travis Gilbert,33.0,hr,35622.0,2017-12-22
508,Julia Bentley,54.0,finance,113168.0,2021-02-24
509,Joanna Thompson,31.0,HR,75201.0,2022-10-02
510,Alice Gonzales,35.0,HR,89251.0,2021-03-25
511,Aaron Wilson,24.0,IT,93212.0,2017-05-07
512,Sara Porter,38.0,Finance,52499.0,2018-11-07
513,Timothy Kim,36.0,hr,-1.0,2022-03-16
514,Wanda Benson,35.0,hr,-1.0,2015-04-03
515,Jacob Griffith,22.0,Finance,95756.0,2019-12-17
516,Monica Singh,59.0,HR,100354.0,2017-10-21
517,Spencer Hayden,20.0,IT,,2025-02-06
518,Judith Salazar,29.0,IT,72624.0,2019-03-25
519,Regina Lopez,54.0,hr,67344.0,2019-08-23
520,Jeffrey Martin,47.0,IT,54299.0,2022-12-20
521,Jennifer Chapman,,it,111441.0,2021-08-18
522,David Saunders,39.0,Finance,70581.0,2024-02-29
523,Nicholas Thomas,34.0,HR,44175.0,2019-05-15
524,Neil Flynn,40.0,it,113434.0,2020-01-17
525,Steven Williamson,34.0,Finance,96537.0,2023-08-04
526,Melissa Giles,34.0,finance,53283.0,2019-07-01
527,Gina Walsh,57.0,hr,89123.0,2018-01-29
528,Eric Johnson,42.0,IT,79630.0,2023-12-05
529,Cory Wright,39.0,finance,96727.0,2023-04-02
530,Courtney Diaz,21.0,IT,76216.0,2015-04-17
531,Lisa Powell,46.0,it,57856.0,2024-01-26
532,Kevin Padilla,40.0,HR,54162.0,2022-06-13
533,Nathan Kramer,,HR,92532.0,2022-07-03
534,Joseph Horne,38.0,HR,96323.0,2019-05-22
535,Aimee Martin,58.0,IT,112542.0,2024-10-28
536,Shelia Jones,34.0,finance,65340.0,2019-06-08
537,Erin Riley,55.0,HR,103324.0,2020-09-21
538,Kelly Jackson,40.0,finance,117134.0,2024-07-09
539,Jessica Gonzalez,39.0,IT,30066.0,2019-11-08
540,Holly Stafford,48.0,it,37533.0,2023-09-18
541,Eric Johnson,57.0,finance,89658.0,2021-01-07
542,Samuel Warren,24.0,it,41772.0,2021-03-18
543,Megan Owens,34.0,IT,88531.0,2019-05-10
544,Justin Carpenter,45.0,IT,46932.0,2021-02-04
545,Sandy Young,19.0,hr,91431.0,2017-06-12
546,Carrie Nicholson,18.0,IT,62966.0,2020-09-18
547,Jonathon Ryan,53.0,IT,,2020-05-29
548,Jenna Robinson,46.0,Finance,,2015-06-20
549,Andre Martin,57.0,HR,43798.0,2024-05-14
550,Monique Oliver,53.0,hr,91084.0,2017-08-09
551,Edward Werner,56.0,hr,-1.0,2016-03-17
552,John Green,51.0,hr,47118.0,2018-07-05
553,Kimberly Fischer,,Finance,37601.0,2021-03-25
554,Brenda Long,22.0,it,75264.0,2023-09-05
555,Penny Campos,53.0,IT,33084.0,2015-08-28
556,Joann Casey,36.0,HR,30731.0,2016-01-18
557,Matthew Mason,34.0,finance,31605.0,2023-07-27
558,Jack Wood,51.0,it,74130.0,2020-10-14
559,John Moore,19.0,IT,98469.0,2015-04-10
560,Melissa Torres,26.0,Finance,100610.0,2017-03-25
561,Steven Hall,18.0,IT,69867.0,2023-12-28
562,James Lopez,57.0,IT,49773.0,2016-11-06
563,Emily Crosby,56.0,Finance,81415.0,2015-11-04
564,Jerry Jackson,54.0,hr,90430.0,2017-01-17
565,Shannon Noble,47.0,hr,44605.0,2019-09-14
566,Caitlin Joseph,29.0,HR,61186.0,2019-01-06
567,William Beard,,HR,113087.0,2017-09-09
568,Samantha Flores,29.0,hr,50711.0,2018-05-10
569,Andrew Wright,41.0,it,66561.0,2016-06-29
570,Timothy Larson,48.0,finance,111395.0,2017-07-19
571,Barbara Robinson,40.0,IT,,2023-12-16
572,Thomas Weaver,33.0,finance,-1.0,2023-08-10
573,Jessica Wilson,,IT,40785.0,2019-06-22
574,Dr. Kelsey Higgins,29.0,hr,91957.0,2020-06-04
575,Jennifer Thomas,43.0,HR,-1.0,2019-01-26
576,Dean Smith,43.0,it,49581.0,2024-08-28
577,Courtney Stewart,27.0,HR,94173.0,2021-07-31
578,Jillian Smith,34.0,finance,78665.0,2019-08-07
579,Richard Jenkins,38.0,HR,102573.0,2024-07-07
580,Jason Pitts,24.0,hr,-1.0,2021-09-12
581,Michael Jones,24.0,it,36221.0,2016-09-07
582,Laura Anderson,,finance,51045.0,2020-04-02
583,Scott Hart,40.0,it,34922.0,2022-08-31
584,Emily Booth,48.0,IT,72771.0,2022-03-19
585,John Campbell,56.0,HR,-1.0,2020-09-04
586,Misty Valenzuela,59.0,it,,2023-12-21
587,James Lucero,31.0,Finance,32716.0,2018-04-10
588,Adriana Cooper,52.0,HR,113255.0,2019-06-22
589,Jordan Hickman,51.0,IT,-1.0,2017-01-27
590,Mario Harper,57.0,it,50213.0,2018-04-27
591,Michael Moore,40.0,finance,80906.0,2023-11-10
592,Colleen Duarte,32.0,IT,104694.0,2022-01-19
593,Melissa Mejia,21.0,Finance,50008.0,2019-11-17
594,Randy Smith,42.0,it,68185.0,2018-12-29
595,Joseph Delacruz,50.0,hr,104417.0,2022-08-19
596,Crystal Parker,59.0,HR,64980.0,2023-10-14
597,Nathan Jenkins,19.0,finance,46766.0,2023-08-09
598,Pamela Tran,,hr,41695.0,2016-09-02
599,Amy Johnson,30.0,it,,2019-03-09
600,James Christian,,it,38802.0,2022-12-05
601,Peter Rodriguez,56.0,IT,64159.0,2020-01-10
602,Jose White,46.0,it,59086.0,2021-08-23
603,Keith Adams,46.0,finance,82091.0,2024-05-07
604,Kristy Johnson,33.0,hr,77766.0,2017-06-15
605,Christopher Rios,27.0,finance,100990.0,2019-12-24
606,Lauren Fields DDS,56.0,Finance,45386.0,2017-11-17
607,Michael Sexton,18.0,Finance,73254.0,2019-06-20
608,Donald Dunn,20.0,HR,83634.0,2016-10-17
609,Ms. Marie Stevens,47.0,HR,116988.0,2022-07-22
610,Christopher Bradley,35.0,Finance,117527.0,2025-02-07
611,Andrea Olson,42.0,it,,2021-07-19
612,Caitlin Walton,32.0,finance,97443.0,2016-10-05
613,Tristan Ortiz,41.0,Finance,71984.0,2020-08-27
614,Scott Johns,54.0,HR,92699.0,2016-08-21
615,Latoya Matthews,,Finance,53649.0,2018-07-09
616,Gerald Johnson,41.0,it,-1.0,2023-08-31
617,Lisa Stevens,,Finance,33775.0,2016-09-26
618,Amanda Smith,,finance,51029.0,2022-10-21
619,Robert Castaneda,,hr,44645.0,2021-05-30
620,Amber Cline,27.0,it,43668.0,2016-03-16
621,Tabitha Gibbs,43.0,HR,41357.0,2015-11-11
622,Johnny Holt,20.0,finance,81796.0,2019-12-15
623,Matthew Hull,22.0,Finance,-1.0,2018-07-26
624,Amanda Carr,40.0,Finance,36449.0,2022-10-21
625,Danielle Davis,52.0,hr,39130.0,2022-03-17
626,Jose Lewis,59.0,HR,81702.0,2024-04-12
627,Jessica Arroyo,35.0,HR,36054.0,2023-07-28
628,Angela Wilson DDS,41.0,IT,78517.0,2020-09-20
629,Frank Steele,52.0,HR,79112.0,2019-02-24
630,John Martin,42.0,hr,58307.0,2022-07-03
631,Lisa Jones,31.0,IT,77922.0,2019-09-28
632,Cheryl Strickland,28.0,IT,109335.0,2022-03-04
633,Mark Lane,20.0,Finance,96985.0,2017-08-07
634,Brian Brooks,46.0,Finance,87608.0,2018-03-22
635,Kenneth Adams,42.0,HR,70277.0,2017-03-25
636,Nicole Jackson,59.0,IT,86597.0,2015-12-23
637,Brandon Johnson,,Finance,75212.0,2016-09-17
638,Tiffany Rosales,28.0,hr,-1.0,2024-03-18
639,Kara Martin,41.0,Finance,,2023-12-08
640,Margaret White,55.0,it,30215.0,2023-07-12
641,Amanda Noble,22.0,it,105900.0,2025-01-27
642,Daniel Black,35.0,Finance,64474.0,2015-05-21
643,John Sanchez,30.0,IT,40400.0,2024-07-26
644,James Freeman,30.0,IT,63896.0,2019-06-04
645,Robert Garrett,57.0,finance,58229.0,2017-06-18
646,Chelsea Fisher,,it,34897.0,2025-03-13
647,Lee Taylor,20.0,hr,34567.0,2016-08-21
648,Rebecca Hicks,51.0,IT,107239.0,2020-09-28
649,Brian Cook,30.0,HR,101792.0,2015-11-15
650,Christina Sparks,23.0,it,112214.0,2021-11-05
651,Christina Archer,33.0,hr,-1.0,2021-01-14
652,Kirk Diaz,50.0,hr,63686.0,2024-10-25
653,Steve Johnson,58.0,IT,93261.0,2020-08-21
654,Richard Jones,,hr,71785.0,2019-10-18
655,Angela Compton MD,53.0,IT,101927.0,2018-02-27
656,Jason Hayes,55.0,Finance,119862.0,2015-08-21
657,David Smith,22.0,it,67333.0,2023-07-04
658,Andrew Lester,48.0,finance,69405.0,2015-10-23
659,Charlotte Christian,27.0,Finance,61601.0,2021-05-11
660,Holly Salazar,,it,82116.0,2023-11-25
661,Matthew Brown,35.0,IT,92894.0,2019-06-05
662,Laura Molina,31.0,it,86754.0,2022-09-30
663,Lauren Smith,29.0,IT,,2020-04-13
664,Michelle Bowen,49.0,Finance,92874.0,2017-12-09
665,John Franco,,HR,,2015-11-20
666,Richard Lopez,34.0,HR,100167.0,2020-01-03
667,Kimberly Munoz,51.0,it,91382.0,2018-05-07
668,Randy Stephens,41.0,HR,62574.0,2023-05-04
669,Darlene Reyes,23.0,IT,103531.0,2025-02-04
670,Angela Cross,24.0,hr,52813.0,2017-03-27
671,Clifford Henderson,49.0,IT,,2016-03-29
672,Eric Mccarthy,45.0,hr,58060.0,2016-06-23
673,Logan Rivera,47.0,Finance,114577.0,2023-05-02
674,Melinda Pittman,,finance,97695.0,2019-09-17
675,Angela Webb,49.0,hr,71081.0,2018-12-28
676,Kristy Vance,21.0,HR,57094.0,2022-05-28
677,Karina Gross,34.0,IT,,2017-08-04
678,Laura Gomez,34.0,Finance,58610.0,2020-03-05
679,Richard Fernandez,18.0,HR,54466.0,2017-09-19
680,Evan Bailey,35.0,Finance,,2019-05-02
681,Julie Terry,46.0,finance,48300.0,2020-09-09
682,Heather Baker,52.0,IT,90892.0,2017-11-21
683,Alejandro Patel,29.0,it,,2023-10-15
684,Matthew White,28.0,IT,85514.0,2023-02-09
685,Brian Parker,32.0,finance,104219.0,2018-10-01
686,Megan Ruiz,28.0,IT,39269.0,2023-07-12
687,Christopher King,43.0,it,32895.0,2018-09-01
688,John Holland,,hr,79737.0,2017-01-28
689,Jennifer Henry,34.0,Finance,62016.0,2020-03-24
690,Cassandra Henson,58.0,it,,2015-04-21
691,Gregory Bell,46.0,HR,49782.0,2021-07-02
692,Dr. John Wood,49.0,finance,,2018-04-04
693,Teresa Smith,31.0,hr,117245.0,2019-09-09
694,Robert Russell,28.0,HR,62769.0,2018-08-01
695,Belinda Lewis,,HR,54700.0,2018-02-23
696,John Maxwell,45.0,finance,106427.0,2021-07-08
697,William Sullivan,33.0,hr,73880.0,2023-03-04
698,Larry Gates,37.0,HR,79589.0,2025-03-20
699,Andrew Moore,,HR,65897.0,2021-01-12
700,Mary Heath,18.0,hr,87233.0,2015-09-27
701,Taylor Maxwell,55.0,IT,106896.0,2024-01-29
702,Jason Schneider,52.0,HR,35529.0,2015-06-03
703,Mark Khan,42.0,Finance,,2018-01-23
704,Margaret Berger,35.0,hr,69886.0,2023-06-21
705,Crystal Knox,33.0,HR,55279.0,2024-08-12
706,Caroline Figueroa,42.0,finance,109737.0,2020-05-23
707,Catherine Savage,25.0,it,38997.0,2016-03-06
708,Monique Johnson,24.0,Finance,70860.0,2018-01-29
709,Brandon Hopkins,,it,89470.0,2017-07-10
710,Michael Allen,20.0,it,93656.0,2016-06-19
711,David Henry,32.0,HR,-1.0,2021-05-06
712,Aimee Swanson,31.0,Finance,56655.0,2016-10-01
713,Patrick Lutz,37.0,Finance,33114.0,2022-08-10
714,Rhonda Hill,55.0,IT,78128.0,2017-07-27
715,Denise Gregory,39.0,it,113123.0,2015-08-02
716,Brittany Rodriguez,19.0,Finance,33174.0,2024-05-02
717,Travis Soto,,IT,65929.0,2015-04-23
718,Nicole Johnson,34.0,hr,85421.0,2021-01-26
719,Amy Lopez,35.0,IT,41360.0,2016-01-11
720,Samuel Jacobs,35.0,finance,115998.0,2024-11-30
721,Stephen Anderson,48.0,HR,,2016-07-08
722,Brittany Edwards,28.0,hr,48984.0,2018-02-21
723,Cynthia Nguyen,,hr,42861.0,2020-10-16
724,Alan Cohen,58.0,finance,101376.0,2024-03-28
725,Mrs. Melissa Ruiz MD,39.0,IT,50977.0,2019-02-21
726,Lawrence Hunt,58.0,HR,116654.0,2024-11-01
727,Kristen Wiggins,49.0,IT,102902.0,2016-05-25
728,Steven Collins,39.0,Finance,50056.0,2016-10-03
729,David Baker,50.0,IT,111685.0,2023-08-26
730,Benjamin Keller,,hr,76041.0,2023-06-21
731,Brenda Burke,50.0,HR,97657.0,2017-07-22
732,Terry Hunter,50.0,IT,81375.0,2019-12-18
733,William Meza,47.0,HR,34136.0,2024-06-26
734,Todd Rogers,43.0,HR,62167.0,2023-12-03
735,Daniel Mitchell DDS,,Finance,61376.0,2018-03-01
736,Holly Stafford,43.0,Finance,100456.0,2019-12-21
737,Jennifer Johnson,32.0,hr,47272.0,2024-02-05
738,Dawn Martin,57.0,finance,69895.0,2022-10-20
739,Grant Davis,20.0,HR,45696.0,2022-08-02
740,Kim Haas,,finance,,2021-01-10
741,Candice Baldwin,56.0,hr,91607.0,2018-05-02
742,Michael Flores,58.0,HR,96900.0,2023-11-29
743,Kevin Miller,,HR,108518.0,2017-03-20
744,Virginia Hamilton,45.0,it,-1.0,2023-02-08
745,Victoria Hines,24.0,finance,109401.0,2022-10-31
746,Brandi Burke,33.0,IT,97684.0,2025-01-22
747,Stacy Morgan,39.0,Finance,31552.0,2022-05-03
748,Audrey Ortiz,20.0,IT,62924.0,2019-06-16
749,Shawna Ferrell,59.0,finance,53889.0,2018-06-28
750,Jordan Gomez,35.0,Finance,103591.0,2022-10-20
751,Morgan Prince,40.0,IT,62363.0,2022-06-03
752,Karen Morgan,42.0,it,86398.0,2021-07-10
753,Daniel Alexander,,Finance,-1.0,2020-06-19
754,William Morales,53.0,HR,,2018-07-30
755,Shirley Castro,46.0,IT,43016.0,2019-05-20
756,Dale Garcia,49.0,Finance,,2019-03-26
757,Robert Brown,35.0,it,68367.0,2020-04-12
758,Michael Armstrong,36.0,Finance,,2022-01-12
759,Sierra Mccoy,49.0,Finance,99904.0,2024-06-11
760,Kristen Harris,20.0,it,77691.0,2021-09-16
761,Dylan Dickerson,52.0,IT,87986.0,2020-09-16
762,April Martin,32.0,hr,,2022-07-04
763,Anthony Adams,29.0,IT,87204.0,2019-01-05
764,Travis Gibson,38.0,finance,104797.0,2016-09-27
765,Monica Oconnor,41.0,it,86207.0,2020-04-17
766,Chris Stevens,21.0,IT,86117.0,2015-06-09
767,Dennis Flores,37.0,Finance,45896.0,2020-12-27
768,Kayla Norton,49.0,it,114431.0,2015-09-18
769,Gabriel Mcbride,51.0,HR,102903.0,2019-06-08
770,Tara Green,19.0,IT,108683.0,2015-09-15
771,Jerry Davis,53.0,it,67011.0,2024-07-12
772,Arthur Jones,,IT,74264.0,2016-05-21
773,Jeff Herman,29.0,it,114633.0,2020-08-01
774,Angela Guerrero,35.0,Finance,75254.0,2020-03-08
775,Tammy Parks,32.0,HR,82344.0,2015-07-23
776,Jennifer Gonzales,43.0,HR,,2021-07-11
777,John Mercer,47.0,finance,58412.0,2016-01-10
778,Larry Golden,,it,79549.0,2019-10-07
779,Christine Merritt,54.0,IT,-1.0,2021-12-22
780,Angela Huynh,58.0,HR,117968.0,2020-04-05
781,Samantha Garcia,31.0,HR,56327.0,2018-02-02
782,Brian Bell,42.0,hr,90139.0,2023-03-01
783,Duane Smith,56.0,hr,102603.0,2019-06-24
784,Scott Wilson,,HR,72919.0,2015-08-07
785,James Schultz,19.0,it,113400.0,2022-12-23
786,Angela White,22.0,finance,82428.0,2015-11-05
787,Ashley Lewis,57.0,HR,111149.0,2023-05-25
788,Corey Adams,,Finance,69041.0,2020-09-22
789,Donald Jackson,48.0,IT,34994.0,2022-09-21
790,Kimberly Hooper,20.0,finance,-1.0,2016-01-28
791,Karen Jackson,33.0,Finance,103805.0,2015-12-20
792,Molly Webb,27.0,finance,107355.0,2020-04-05
793,Anthony Brown,58.0,Finance,117173.0,2023-12-28
794,Dawn Gray,37.0,IT,74387.0,2016-04-18
795,Margaret Miller,29.0,IT,50659.0,2018-08-16
796,Steven Spence,37.0,hr,111268.0,2018-04-27
797,Keith Stephens,54.0,it,100726.0,2017-10-10
798,Janet Weaver,29.0,Finance,64565.0,2025-02-04
799,Craig Hardy,45.0,hr,52884.0,2023-05-02
800,Karen White,23.0,Finance,87786.0,2022-11-19
801,Michelle Cannon,37.0,hr,79294.0,2024-09-16
802,Melissa Hernandez,19.0,IT,42665.0,2021-02-11
803,Tracy Santos,,finance,66132.0,2021-12-17
804,Krystal Reese,46.0,hr,88754.0,2020-12-24
805,Crystal Huang,52.0,Finance,94016.0,2018-06-05
806,Jessica Hooper,22.0,Finance,96708.0,2023-12-13
807,Logan Walker,31.0,it,-1.0,2020-03-10
808,Angela Bender,,IT,49324.0,2021-01-14
809,Michael Figueroa,41.0,Finance,54054.0,2023-09-29
810,Meghan Hawkins,51.0,HR,115643.0,2015-05-17
811,Andrew Ward,46.0,finance,40358.0,2016-12-08
812,Emily Kramer,48.0,hr,33240.0,2020-12-08
813,Jennifer Arnold,40.0,it,31936.0,2021-12-28
814,Debra Wolfe,37.0,finance,73965.0,2025-03-21
815,Sarah Boyd,,IT,50224.0,2019-01-07
816,Carla Carr,,it,60825.0,2018-03-04
817,Courtney Miller,18.0,hr,,2020-07-28
818,Tiffany Smith,46.0,hr,32244.0,2021-10-19
819,Carla Rodriguez,,HR,98619.0,2022-04-20
820,Brenda Smith,51.0,IT,80017.0,2024-12-22
821,Heather Jones,43.0,it,100268.0,2018-03-08
822,Valerie Jones,47.0,it,94952.0,2020-01-02
823,Megan Klein,34.0,Finance,69752.0,2019-09-07
824,Kristen Wise,57.0,HR,46121.0,2024-04-17
825,Mary Lee,,HR,96275.0,2019-08-25
826,Lori Wallace,21.0,it,39327.0,2022-02-08
827,Krystal Rios,,it,53004.0,2023-06-30
828,Melinda Garcia,31.0,finance,40492.0,2020-08-20
829,Michael Hall,22.0,finance,43749.0,2018-03-08
830,Danielle Figueroa,45.0,finance,39045.0,2016-06-13
831,Shawn Russell,23.0,HR,105057.0,2019-12-25
832,Jennifer Contreras,50.0,Finance,,2020-02-11
833,Alyssa Ramos,30.0,hr,61624.0,2020-05-28
834,Debra Murphy,30.0,finance,76501.0,2016-07-19
835,Dennis Alvarez,28.0,Finance,37868.0,2023-11-22
836,Thomas Morgan,55.0,IT,-1.0,2017-08-04
837,Christopher Dorsey,55.0,finance,72429.0,2019-04-06
838,Michelle Perez,51.0,hr,113600.0,2017-07-25
839,Fred Ewing,58.0,IT,39111.0,2018-06-28
840,Kevin Bates,28.0,IT,110583.0,2025-02-06
841,Jeremy Rivas,24.0,hr,46453.0,2019-05-08
842,Jordan Kim,32.0,finance,60077.0,2022-04-07
843,Phillip Gonzalez,24.0,HR,88144.0,2020-11-09
844,Daniel Dunn,36.0,hr,54503.0,2020-04-13
845,Edwin Murillo,42.0,hr,30755.0,2019-06-19
846,Brianna Liu,49.0,hr,85087.0,2024-04-19
847,Mr. Alan White,55.0,IT,84857.0,2024-06-16
848,Sean Richardson,52.0,Finance,70115.0,2024-02-20
849,Michael Washington,31.0,HR,76825.0,2018-01-20
850,Antonio Bruce,26.0,finance,67706.0,2021-06-15
851,David Sullivan,,finance,71139.0,2020-10-03
852,Cody Collier,19.0,Finance,71302.0,2018-06-25
853,Ana Thompson,46.0,hr,98159.0,2019-02-23
854,Janice Brady,29.0,HR,52785.0,2015-10-09
855,Jocelyn Price,54.0,finance,118992.0,2022-02-02
856,Omar Brennan,53.0,it,87939.0,2015-10-06
857,Justin Lewis,40.0,finance,59553.0,2015-07-27
858,Elaine Jimenez,38.0,hr,67265.0,2015-11-24
859,Carla Mcdaniel,33.0,it,81287.0,2017-07-12
860,Tara Tran,32.0,Finance,80717.0,2017-10-26
861,Shawn Turner,28.0,HR,61625.0,2016-07-18
862,Kara Hall,,Finance,,2022-03-11
863,Kevin Buck,39.0,Finance,82409.0,2025-02-03
864,Scott Jimenez,31.0,HR,111731.0,2023-07-22
865,Kayla Bell,,HR,51341.0,2016-11-15
866,Abigail Allen,45.0,finance,76330.0,2018-08-27
867,Donald Hines,33.0,finance,98416.0,2020-12-29
868,Emily Robinson,47.0,HR,63313.0,2024-01-24
869,Megan Porter,30.0,it,64695.0,2020-01-02
870,Michael Jackson,42.0,IT,79156.0,2016-11-09
871,Kristen Parrish,24.0,finance,57829.0,2015-05-29
872,Nathan Turner,27.0,IT,89164.0,2016-02-05
873,Karen Andrade,48.0,it,98199.0,2017-04-16
874,Stacy Hall,59.0,HR,39465.0,2022-05-21
875,Amber Knight,53.0,it,90289.0,2021-07-21
876,Sydney Decker,24.0,finance,34763.0,2021-11-10
877,Rick Oliver,59.0,Finance,77588.0,2024-06-27
878,Steven Mason,30.0,HR,43569.0,2021-07-11
879,Mark Stewart,38.0,hr,,2016-04-13
880,Ryan Taylor,26.0,IT,82311.0,2015-05-30
881,Brianna Cline,32.0,it,117227.0,2018-11-30
882,Amy Owen,,HR,-1.0,2017-07-15
883,Jason Price,33.0,it,35636.0,2022-07-14
884,Walter Dyer,44.0,HR,32892.0,2018-05-01
885,Jesse Lewis,41.0,finance,30654.0,2017-04-30
886,Joseph Rogers,56.0,finance,85934.0,2015-04-17
887,Laura Baker,35.0,finance,59087.0,2021-03-29
888,Bruce Smith,27.0,it,117182.0,2020-02-08
889,Catherine Hays MD,22.0,hr,81028.0,2022-05-06
890,Daniel Freeman,52.0,finance,118074.0,2017-03-01
891,Jose Hardin,50.0,HR,,2017-09-12
892,Jeffery Collins,34.0,finance,117892.0,2023-05-31
893,Melvin Blake,54.0,Finance,69148.0,2016-02-10
894,Chad Jackson,45.0,finance,72470.0,2017-01-05
895,Billy Snyder,28.0,it,,2020-07-10
896,Donna Bennett,31.0,hr,63757.0,2019-04-13
897,Tony Stafford,,Finance,100247.0,2015-07-22
898,Heather Smith,52.0,it,86116.0,2021-03-25
899,Jack Martinez,35.0,it,110171.0,2020-11-05
900,Lorraine Johnson,56.0,it,50836.0,2016-05-24
901,Anne Walton,,HR,85648.0,2021-08-23
902,Donald Cruz,36.0,it,40763.0,2021-07-06
903,Greg Taylor,55.0,HR,49187.0,2023-11-14
904,Nathaniel Welch,56.0,it,57959.0,2018-12-14
905,Eric Carpenter,53.0,IT,,2019-06-23
906,Oscar Lester,50.0,Finance,113788.0,2021-01-26
907,Jared Moreno,26.0,IT,113308.0,2017-02-23
908,Dale Jones,23.0,it,32637.0,2025-02-24
909,Brendan Ross,21.0,Finance,112464.0,2024-08-31
910,Rachel Casey,19.0,Finance,,2016-01-11
911,Brian Chambers,44.0,hr,76762.0,2020-05-11
912,Elizabeth Torres,25.0,IT,118741.0,2020-06-09
913,Julie Sullivan,20.0,hr,103948.0,2016-04-21
914,Elizabeth Cherry,20.0,Finance,116322.0,2024-07-13
915,Alexis Wilkins,,HR,,2021-04-23
916,Andrea Miller,19.0,Finance,,2017-03-08
917,Cody Swanson,52.0,hr,49403.0,2018-04-01
918,Marisa Flores,47.0,IT,72292.0,2021-09-03
919,Kristin Wood,39.0,it,35629.0,2020-09-12
920,Bradley Flores,,it,107814.0,2017-10-20
921,Frank Johnson,46.0,IT,64765.0,2017-10-09
922,David Haynes,33.0,it,86574.0,2020-07-31
923,Chase Acosta,47.0,it,57675.0,2018-06-29
924,Edward Sawyer,33.0,hr,102267.0,2024-07-14
925,Sarah Carrillo,33.0,IT,49177.0,2023-05-09
926,Brian Green,37.0,finance,98447.0,2015-11-01
927,Kelly Edwards,47.0,HR,,2016-11-21
928,Elizabeth Townsend,,HR,34951.0,2024-07-16
929,Jon Ruiz DVM,22.0,it,51673.0,2021-11-13
930,David Walton,18.0,HR,101101.0,2018-12-17
931,Margaret Hayes,38.0,IT,104160.0,2024-07-08
932,Dr. Melissa Knight,39.0,IT,30835.0,2015-12-27
933,Daniel Brock,56.0,Finance,107360.0,2019-03-04
934,Kevin Wade,33.0,Finance,32429.0,2024-10-31
935,Taylor Price,51.0,HR,98143.0,2019-03-09
936,Jennifer Wilkins,53.0,finance,107527.0,2023-02-02
937,Ruth Schneider,19.0,Finance,69385.0,2021-08-14
938,Brenda Franklin,,Finance,90782.0,2017-08-24
939,Cynthia Ruiz,26.0,IT,119626.0,2021-08-24
940,Cynthia Johnson,20.0,finance,76015.0,2018-10-16
941,Paula Jones,,it,33491.0,2022-03-12
942,Sandra Anderson,35.0,HR,45728.0,2020-09-07
943,Karen Clark,52.0,Finance,,2017-11-29
944,Nicole Walton,,finance,68523.0,2024-09-13
945,Jay Gutierrez,54.0,finance,47718.0,2017-08-21
946,Calvin Adams,,HR,-1.0,2021-10-23
947,John Gonzalez,59.0,finance,94926.0,2023-06-11
948,Brandy Tran,52.0,finance,33317.0,2021-03-20
949,Tommy Diaz,59.0,finance,91646.0,2017-02-11
950,Heidi Lester,23.0,Finance,77631.0,2018-09-28
951,Jennifer Alvarez,24.0,HR,89342.0,2016-12-10
952,Donna Moore,26.0,finance,-1.0,2015-09-22
953,Kathryn Diaz,52.0,finance,38605.0,2021-09-14
954,Zachary Wilson,19.0,Finance,85501.0,2025-01-04
955,Lauren Ramos,,HR,63635.0,2025-02-11
956,Curtis Richardson,27.0,IT,63132.0,2016-08-15
957,Steven Wilson,42.0,Finance,102107.0,2018-03-13
958,Donna Morrison,,HR,87889.0,2016-06-01
959,Danielle Hansen,31.0,finance,,2015-04-17
960,Lindsey Schmidt,33.0,HR,34137.0,2018-05-30
961,Jennifer Schaefer,,HR,74921.0,2016-02-27
962,Catherine Richardson,23.0,it,96917.0,2020-10-18
963,William Griffin,51.0,HR,108975.0,2024-12-09
964,Rebecca Clark,51.0,IT,93879.0,2018-08-02
965,David Jenkins,,HR,112800.0,2024-10-10
966,Danny Cook,,IT,54660.0,2024-03-12
967,Erika Williamson,49.0,finance,116064.0,2018-05-29
968,Samantha Copeland,48.0,IT,75124.0,2023-02-10
969,Alison Hart,35.0,finance,82797.0,2025-02-27
970,Melissa Mcdaniel,23.0,finance,,2019-03-21
971,Sydney Norman,19.0,IT,60270.0,2018-09-12
972,Nancy Warner,36.0,Finance,94817.0,2023-08-13
973,Alexander Obrien,22.0,hr,109693.0,2017-01-17
974,Robert Caldwell,27.0,HR,79597.0,2018-02-25
975,Ryan Figueroa,28.0,it,,2022-04-18
976,Wayne House,48.0,hr,111515.0,2024-04-18
977,Melissa Greene,26.0,HR,,2024-07-13
978,Veronica Neal,26.0,HR,43382.0,2022-11-28
979,Lindsay Solis,26.0,finance,,2018-12-02
980,Christy Richardson,24.0,HR,,2022-01-12
981,Beth Washington,50.0,it,104710.0,2015-04-28
982,Jimmy Alvarado,56.0,HR,40725.0,2018-11-02
983,Ashley Smith,54.0,IT,71115.0,2017-09-23
984,Brittney Wright,46.0,hr,113732.0,2020-06-13
985,Frank Cohen,55.0,IT,,2018-03-17
986,Crystal Allen,54.0,it,58690.0,2020-09-14
987,Raymond Jackson,52.0,HR,88560.0,2024-11-16
988,Kathy Evans,45.0,it,49881.0,2023-12-07
989,Kaitlin Smith,24.0,finance,79703.0,2016-07-23
990,Ethan Blair,,IT,108462.0,2021-09-16
991,Jessica Delgado,19.0,IT,44390.0,2017-02-17
992,Thomas Cook,38.0,Finance,57307.0,2019-04-18
993,Kelsey Baker,32.0,HR,54502.0,2022-02-11
994,James Chavez,40.0,finance,68258.0,2022-02-02
995,Yolanda Anderson,56.0,IT,111494.0,2021-05-17
996,Jeff Potter,30.0,IT,40748.0,2023-01-17
997,Jerry Neal,38.0,finance,52738.0,2017-03-16
998,Michael Moore,,it,71662.0,2018-08-02
999,Peter Brown,53.0,it,112234.0,2024-02-25
1000,Emily Lucero,28.0,HR,55616.0,2021-09-03
1001,Katherine Graham,43.0,Finance,92013.0,2016-07-22
1002,Carl Hammond,51.0,IT,56128.0,2022-02-07
1003,Regina Flores,35.0,Finance,117505.0,2018-01-15
1004,Erin Hoffman,58.0,it,81962.0,2025-01-11
1005,Amanda Lamb,46.0,it,101206.0,2023-03-21
1006,Stephen Lewis,,hr,42716.0,2017-06-07
1007,Derrick Hodges,58.0,HR,-1.0,2023-02-07
1008,Jennifer Parker,,hr,79355.0,2021-11-20
1009,Loretta Adams,19.0,hr,81012.0,2016-09-08
1010,James Hanson,46.0,hr,117096.0,2017-04-03
1011,James Ball,57.0,HR,-1.0,2017-09-18
1012,Kristen Harris,28.0,HR,117318.0,2018-08-11
1013,Jeffrey Ryan,25.0,finance,49790.0,2023-05-09
1014,Tanya Robinson,25.0,Finance,77374.0,2017-02-15
1015,Michael Rodriguez,34.0,Finance,64812.0,2016-02-01
1016,Tracy Daniels,41.0,finance,90186.0,2022-02-17
1017,Gregory Roth,22.0,finance,80251.0,2021-04-02
1018,Kevin Baker,18.0,it,49156.0,2021-12-05
1019,Johnny Tyler,25.0,hr,102320.0,2018-06-18
1020,Patrick Lewis,40.0,finance,118442.0,2021-06-18
1021,Sharon Brady,41.0,IT,84205.0,2017-11-23
1022,Derrick Rodriguez,,Finance,94341.0,2016-09-29
1023,Joel Wilson,38.0,finance,111837.0,2020-07-24
1024,Lauren Myers,48.0,IT,-1.0,2021-03-17
1025,Charles Smith,,IT,-1.0,2019-12-12
1026,Scott Weaver,36.0,IT,-1.0,2020-04-11
1027,Lisa Campbell,45.0,it,,2020-08-04
1028,Connie Allen,22.0,it,117201.0,2018-11-04
1029,Andrew Davis,49.0,IT,80577.0,2018-01-10
1030,Joseph Morgan,27.0,it,44266.0,2021-09-16
1031,Todd Joseph,49.0,hr,61213.0,2015-12-08
1032,Laura Gonzalez,34.0,IT,,2025-01-29
1033,Alexa Grant,57.0,hr,81588.0,2016-04-05
1034,Joshua Foster,19.0,hr,104755.0,2016-02-13
1035,Amanda Chavez,20.0,IT,-1.0,2016-10-13
1036,Gina Martinez,21.0,Finance,114161.0,2019-06-16
1037,Andrea Montes,,IT,106958.0,2018-04-19
1038,Marvin Nguyen,27.0,IT,43180.0,2019-08-08
1039,Jessica Hill,29.0,it,66931.0,2024-06-16
1040,Stephanie Dalton,19.0,IT,109872.0,2019-03-31
1041,Emma Jones,49.0,Finance,35470.0,2020-12-28
1042,Sara Brown,49.0,it,68507.0,2023-08-25
1043,Michelle Stewart,51.0,HR,,2015-08-17
1044,Anita Horton,32.0,HR,77761.0,2020-01-28
1045,Kelly Mendoza,35.0,hr,52990.0,2023-03-16
1046,Melinda Cross,42.0,hr,44457.0,2018-07-29
1047,Andrew Lewis,31.0,Finance,106102.0,2018-11-25
1048,Eric Butler,42.0,finance,80654.0,2022-01-12
1049,Sergio Silva,,HR,32042.0,2019-04-19
1050,Matthew Serrano,49.0,hr,95185.0,2016-02-14
1051,Daniel Meyers,38.0,HR,,2024-11-30
1052,Chad Whitney,49.0,Finance,66018.0,2021-02-10
1053,Christopher Combs,56.0,Finance,65371.0,2021-12-22
1054,William Gomez,58.0,finance,50805.0,2023-11-12
1055,Steve Jones,38.0,finance,38177.0,2021-07-05
1056,Katie Walton,,it,118578.0,2015-12-05
1057,Alex King,57.0,Finance,41826.0,2018-05-23
1058,Anthony Wang,40.0,hr,88031.0,2023-02-10
1059,Sandra Anderson,28.0,HR,105020.0,2017-09-05
1060,Deborah Alvarez,,IT,41267.0,2023-11-14
1061,Crystal Hodge,39.0,finance,36743.0,2021-07-10
1062,Kristin Gonzalez,30.0,IT,78773.0,2024-04-18
1063,Tyrone Davenport,46.0,hr,58552.0,2023-05-16
1064,Matthew Lewis,,finance,73730.0,2016-08-29
1065,Sylvia Turner,32.0,IT,,2019-09-20
1066,Stacey Garza,41.0,hr,96490.0,2021-11-24
1067,Benjamin Bennett,39.0,HR,119080.0,2021-07-30
1068,Ronnie Fields,50.0,hr,71269.0,2017-09-10
1069,Jacob Ray,36.0,it,33127.0,2019-11-14
1070,Melissa Mckee,47.0,finance,107095.0,2015-07-27
1071,Heather Baldwin,42.0,Finance,96381.0,2019-06-30
1072,Reginald Walker,25.0,HR,93749.0,2017-09-28
1073,Robert Coleman,33.0,IT,84512.0,2017-09-15
1074,Alexander Cantu,22.0,finance,33832.0,2023-06-03
1075,James Coleman,21.0,Finance,71025.0,2021-09-21
1076,Todd Lawson,49.0,hr,-1.0,2018-10-08
1077,Mr. Robert Chase,51.0,Finance,32581.0,2023-12-05
1078,David Stephens,27.0,finance,-1.0,2015-09-11
1079,Amanda Villarreal,56.0,finance,,2024-04-02
1080,Joseph Olson,19.0,it,93044.0,2017-01-24
1081,Brian Johnson,30.0,it,41814.0,2017-09-06
1082,Mr. Tommy Johnson,53.0,Finance,93288.0,2022-05-20
1083,Ryan Stone,43.0,hr,37435.0,2022-03-06
1084,James Hickman,29.0,Finance,100601.0,2022-12-02
1085,Ralph Torres,31.0,finance,33407.0,2023-05-24
1086,Matthew Lucas,37.0,finance,35666.0,2017-02-05
1087,Nicholas Potter,48.0,IT,55092.0,2016-06-10
1088,Michael Martinez,,it,-1.0,2016-09-07
1089,Mary Mitchell,21.0,IT,56505.0,2024-08-07
1090,Sean Trujillo,21.0,HR,73169.0,2015-09-07
1091,Jonathan Moore,41.0,finance,81742.0,2024-07-03
1092,Ann Shaw,43.0,IT,33880.0,2017-10-03
1093,Robin Maldonado,38.0,Finance,73539.0,2022-09-07
1094,Gary Woodward,56.0,it,117985.0,2015-11-04
1095,Jose Wilson,55.0,it,90102.0,2022-11-11
1096,Marissa Adams,37.0,hr,73333.0,2020-06-12
1097,Steven Tucker,24.0,Finance,84362.0,2023-12-24
1098,Felicia Holmes,31.0,hr,80341.0,2020-09-03
1099,Reginald Knight,54.0,IT,44549.0,2024-12-05
1100,Erin Chavez,21.0,HR,115326.0,2016-04-30
1101,Justin Johnson,41.0,Finance,50316.0,2017-06-12
1102,Jordan Taylor,35.0,Finance,54624.0,2015-05-06
1103,Mark Gamble,36.0,Finance,115781.0,2018-07-09
1104,Thomas Jensen,36.0,hr,56756.0,2025-02-02
1105,Adrienne Wong,29.0,IT,100821.0,2016-10-29
1106,Andrew Murphy,55.0,Finance,44116.0,2016-02-06
1107,Daniel Cruz,53.0,Finance,106425.0,2019-06-29
1108,Jacqueline Carey,53.0,it,45994.0,2018-04-16
1109,Samantha George,50.0,HR,56639.0,2019-05-01
1110,Kelly Ramirez,45.0,it,62930.0,2016-05-20
1111,Becky Williams,28.0,it,48316.0,2015-08-18
1112,Susan Weiss,50.0,HR,117876.0,2018-10-07
1113,Bruce Cisneros,21.0,IT,110052.0,2024-12-23
1114,Adam Baker,44.0,it,114627.0,2018-12-17
1115,Taylor Dixon,31.0,IT,66701.0,2023-02-08
1116,Cassie Guzman,56.0,it,87241.0,2022-06-10
1117,Donna Smith,33.0,finance,-1.0,2023-02-05
1118,David Jackson,27.0,HR,115178.0,2016-12-02
1119,Donna Bell,30.0,it,116486.0,2020-10-02
1120,Travis Carlson,47.0,finance,66404.0,2022-11-02
1121,Dr. Jacob Richards,23.0,hr,77663.0,2024-07-14
1122,Sean Pollard,36.0,finance,,2017-07-12
1123,Jeffrey Smith,43.0,Finance,67500.0,2016-10-30
1124,Donna Allen,46.0,it,,2024-08-23
1125,Mark Hicks,37.0,finance,37170.0,2015-10-28
1126,Scott Farley,,IT,,2023-04-17
1127,Tracy Torres,53.0,hr,,2023-01-16
1128,Justin Smith,21.0,it,68090.0,2017-11-28
1129,Tamara Hall,56.0,Finance,89412.0,2019-07-24
1130,Elizabeth Collins,18.0,finance,,2020-04-26
1131,Lisa Ross,53.0,hr,78291.0,2021-06-20
1132,Henry Rodriguez,,it,-1.0,2020-11-04
1133,David Lambert,,hr,55022.0,2019-04-17
1134,Gerald Tyler,47.0,Finance,73678.0,2025-03-10
1135,Caitlin Wang,59.0,finance,91720.0,2023-06-19
1136,Amber Stevenson,45.0,hr,104323.0,2016-08-16
1137,Dr. Derek Matthews Jr.,45.0,hr,112994.0,2022-09-26
1138,Reginald Pham,27.0,HR,90924.0,2020-10-02
1139,Erica Roberts,48.0,hr,-1.0,2017-04-16
1140,Zachary Hall,30.0,HR,31211.0,2020-06-07
1141,Thomas Goodwin,26.0,finance,78542.0,2017-05-06
1142,Laura Mccarthy,37.0,it,61819.0,2020-12-09
1143,Megan Morris,38.0,it,95584.0,2024-09-09
1144,Jeffrey Young,50.0,finance,,2018-03-05
1145,Deborah Smith,23.0,finance,58036.0,2024-02-29
1146,Todd Armstrong,35.0,IT,101356.0,2019-03-01
1147,Matthew Sexton,,finance,74377.0,2022-12-26
1148,Justin Sims,32.0,hr,97819.0,2015-05-17
1149,Timothy Jones,38.0,it,45620.0,2015-07-26
1150,Angela Ryan,31.0,Finance,118719.0,2019-07-19
1151,Patrick Mills,38.0,it,-1.0,2021-12-12
1152,Terry Nolan,20.0,HR,96060.0,2023-08-23
1153,Danny Schmidt,54.0,it,90726.0,2019-12-30
1154,James Wells,36.0,IT,112357.0,2016-08-28
1155,Barry Malone,38.0,finance,41353.0,2017-01-04
1156,Nicole Kennedy,58.0,finance,54570.0,2019-09-23
1157,Kyle Lawson,21.0,it,-1.0,2022-05-08
1158,Charles Anderson,24.0,Finance,98359.0,2015-09-14
1159,Sarah Ruiz,50.0,Finance,110703.0,2021-05-30
1160,Mackenzie Cherry,51.0,IT,,2016-10-31
1161,James Leonard,58.0,HR,81134.0,2022-06-06
1162,Linda Mayer,34.0,it,97847.0,2022-01-18
1163,Nicholas Mitchell,23.0,finance,88865.0,2024-01-19
1164,Alexander Harris,27.0,it,91192.0,2024-04-03
1165,Amanda Eaton,19.0,IT,55993.0,2023-07-05
1166,Shannon Bailey,19.0,hr,-1.0,2018-04-13
1167,Robert Fields,33.0,hr,119452.0,2020-03-19
1168,Christy Trevino,56.0,IT,79990.0,2023-08-18
1169,Steven Lopez,41.0,finance,99351.0,2015-07-01
1170,Ryan Bradley,55.0,IT,100309.0,2021-03-01
1171,Daniel Ramirez,,finance,106000.0,2018-10-07
1172,Kathleen Kim,49.0,Finance,33320.0,2017-05-30
1173,Pamela Sims,37.0,IT,,2015-06-25
1174,Ashley Doyle,21.0,finance,47948.0,2024-04-29
1175,Richard Smith,39.0,IT,68826.0,2018-10-21
1176,Jay Moore,57.0,IT,90231.0,2021-11-20
1177,Tonya Wagner,39.0,finance,102233.0,2017-03-11
1178,Kirk Klein,31.0,finance,42963.0,2024-12-15
1179,Courtney Hill,58.0,HR,96617.0,2024-08-25
1180,Justin Hernandez,45.0,IT,106312.0,2015-09-20
1181,Tammy Smith,19.0,hr,111494.0,2020-12-21
1182,James Bright,,IT,112867.0,2023-11-14
1183,Taylor Cox,50.0,IT,108972.0,2018-05-27
1184,Kristen Bowers,52.0,finance,63332.0,2017-04-30
1185,Deborah Gray,40.0,IT,108929.0,2023-07-16
1186,Justin Vaughn,36.0,it,32251.0,2023-02-09
1187,Anthony Gonzalez,28.0,IT,-1.0,2018-12-06
1188,Daniel Richard,27.0,it,39583.0,2017-09-09
1189,Gina Williams,45.0,hr,42224.0,2018-11-04
1190,Walter Wong,54.0,finance,,2017-11-10
1191,John Garcia,26.0,IT,107928.0,2024-05-06
1192,Heidi Matthews,57.0,it,34141.0,2024-02-01
1193,Jacob Bell,37.0,it,100871.0,2024-10-21
1194,Dan Sawyer,19.0,it,101147.0,2021-01-05
1195,Kim Jones,20.0,Finance,89840.0,2018-10-16
1196,Tanner Lewis,44.0,HR,35577.0,2018-02-06
1197,James Page,57.0,hr,69451.0,2019-11-13
1198,Karen Chang,45.0,IT,58647.0,2020-03-29
1199,Robert Brown,25.0,Finance,96830.0,2015-12-04
1200,Scott Bennett,54.0,IT,54398.0,2017-12-04
1201,Robert Little,,IT,80755.0,2022-05-04
1202,Christopher Kelley,36.0,finance,94994.0,2024-04-04
1203,Karl Johnson,29.0,finance,47482.0,2019-12-05
1204,Joseph Sims,,finance,,2019-07-15
1205,Kenneth Rodriguez,38.0,Finance,111110.0,2021-07-30
1206,Peter Brown,51.0,IT,,2016-08-05
1207,Christopher Chambers,,HR,41801.0,2022-10-22
1208,Andrew Ferguson,44.0,hr,46559.0,2025-01-14
1209,Donald Stewart,20.0,finance,43288.0,2018-11-25
1210,Bryan Kelly,42.0,finance,,2023-12-29
1211,Jason Bowen,43.0,IT,40737.0,2015-05-14
1212,Susan Ellis,,IT,80975.0,2022-07-20
1213,Terrance Bradford,45.0,Finance,82224.0,2019-05-01
1214,Mrs. Kimberly Smith,55.0,Finance,70733.0,2017-03-13
1215,Fernando Best,36.0,finance,64808.0,2016-03-28
1216,Brendan Stuart,,IT,88959.0,2022-03-30
1217,Brent Chambers,26.0,HR,97136.0,2024-01-21
1218,John Park,51.0,hr,116322.0,2024-05-26
1219,Thomas Erickson,29.0,IT,31132.0,2021-11-07
1220,Jeffery Hunter,43.0,IT,93668.0,2016-05-23
1221,Jean Pitts,45.0,it,40931.0,2023-03-30
1222,Wesley Simpson,50.0,Finance,80639.0,2018-05-10
1223,Mary Davis,51.0,hr,88901.0,2021-03-16
1224,Sharon Perry,35.0,finance,76691.0,2020-12-24
1225,Laura Parsons,40.0,IT,76694.0,2017-07-27
1226,Mr. David Carey,39.0,finance,96844.0,2021-05-17
1227,Kimberly Duffy,28.0,IT,31620.0,2016-06-06
1228,Vincent Keller,44.0,finance,67534.0,2016-08-30
1229,Dustin Brooks,37.0,hr,,2020-09-24
1230,Steven King,51.0,Finance,79252.0,2023-09-01
1231,John Alexander,57.0,hr,50655.0,2024-12-10
1232,Margaret Patterson,56.0,it,53610.0,2021-11-05
1233,Martha Shepherd,37.0,HR,115945.0,2016-02-22
1234,Cynthia Sullivan,25.0,Finance,110818.0,2024-10-06
1235,Christina Irwin,20.0,hr,47138.0,2020-10-08
1236,Tyler Wade,42.0,it,,2022-08-14
1237,Benjamin King,32.0,HR,119743.0,2017-05-03
1238,Joseph Rios,52.0,it,79692.0,2024-04-09
1239,Thomas Carson,,IT,119846.0,2021-09-06
1240,Susan Gonzalez,34.0,IT,58036.0,2022-01-07
1241,Carl Rivera,52.0,finance,113049.0,2024-10-11
1242,Mary Shepherd,32.0,Finance,57818.0,2022-02-26
1243,David Peterson,50.0,IT,108636.0,2021-09-09
1244,Amanda Allen,44.0,it,99603.0,2017-04-22
1245,Michelle Jones,44.0,Finance,,2019-06-10
1246,Angela Dennis,55.0,IT,98045.0,2023-12-06
1247,Nancy Chapman MD,25.0,finance,102069.0,2021-03-03
1248,Kevin Fisher,,hr,93644.0,2023-08-05
1249,Vincent Young,31.0,finance,89473.0,2021-05-03
1250,Richard Morton,42.0,HR,66784.0,2019-04-22
1251,Bryan Meza,,IT,,2024-03-12
1252,John Knight,40.0,HR,56498.0,2016-04-27
1253,Sandra Turner,,HR,50541.0,2016-09-02
1254,Justin Scott,20.0,it,56028.0,2023-12-04
1255,Matthew Garcia DVM,26.0,Finance,61673.0,2024-05-30
1256,Billy Wilson,24.0,it,53097.0,2019-06-18
1257,Alejandro Harrison,26.0,IT,94824.0,2024-03-22
1258,Trevor Perkins DDS,36.0,HR,45043.0,2024-11-23
1259,Sarah Pineda,31.0,hr,,2015-12-15
1260,Richard Woodard,53.0,HR,59483.0,2020-08-19
1261,Nicole Todd,47.0,hr,105652.0,2015-09-18
1262,Christine Frederick,50.0,it,,2021-05-09
1263,Julia Nelson,42.0,it,39247.0,2018-03-16
1264,Tracie Romero,52.0,Finance,51058.0,2022-12-15
1265,David Carter,31.0,HR,114171.0,2022-12-28
1266,Jerry Lee,21.0,finance,116489.0,2021-12-02
1267,Lisa Bell,45.0,it,107597.0,2021-03-28
1268,Christopher Walsh,58.0,it,,2021-09-07
1269,Lauren Rodriguez,39.0,Finance,91869.0,2018-11-17
1270,Danielle Flores,33.0,hr,74722.0,2020-06-30
1271,Lori Adkins,47.0,Finance,35419.0,2016-03-30
1272,Tiffany Williams,,HR,88760.0,2018-05-20
1273,David Campbell,38.0,IT,54309.0,2020-11-04
1274,Ashley French,22.0,IT,102255.0,2022-10-01
1275,Nathan Peters,54.0,hr,,2016-01-11
1276,Ronnie Fuller,50.0,it,67841.0,2024-07-08
1277,Steve Neal,,hr,76660.0,2019-05-30
1278,Christopher Gonzales,21.0,it,,2022-05-22
1279,Aaron Lopez,51.0,it,72968.0,2023-10-05
1280,Robert Smith,18.0,IT,44621.0,2017-10-29
1281,Allen Hall,40.0,hr,70502.0,2018-02-07
1282,Nancy Avila,,Finance,72498.0,2024-11-28
1283,Kimberly Gross,32.0,it,-1.0,2015-06-15
1284,Benjamin Hunt,43.0,finance,84469.0,2022-03-14
1285,Kayla Rojas,39.0,finance,-1.0,2019-06-24
1286,Sara Burton,55.0,Finance,73723.0,2021-01-25
1287,Lori Maynard,46.0,finance,106298.0,2017-10-05
1288,James Peterson,24.0,HR,32147.0,2016-07-18
1289,James Kerr,21.0,it,68445.0,2015-04-21
1290,Johnny Johnson,20.0,Finance,91108.0,2016-05-10
1291,Emily Peters DVM,19.0,hr,115617.0,2015-11-26
1292,Heather Rivera,44.0,it,67755.0,2020-08-09
1293,Steven Martin,18.0,Finance,105361.0,2024-05-15
1294,Adam Brooks,55.0,IT,111171.0,2017-01-06
1295,Vanessa Scott,42.0,hr,39490.0,2023-03-20
1296,Mrs. Cindy Conway PhD,29.0,IT,36862.0,2015-09-30
1297,David Jacobs,44.0,it,40450.0,2019-07-14
1298,Michael Wilson,,hr,91991.0,2025-01-29
1299,Laura Phillips,46.0,finance,118090.0,2018-12-03
1300,Amanda White,52.0,Finance,72879.0,2016-09-05
1301,Kathryn Tucker,52.0,it,107990.0,2024-07-04
1302,Veronica Reynolds,37.0,HR,70736.0,2019-03-23
1303,William Burton,30.0,hr,77058.0,2016-08-25
1304,Brittany Weber,25.0,hr,104255.0,2024-08-25
1305,Lance Clements,50.0,it,67387.0,2019-09-09
1306,Billy Anderson,38.0,it,69643.0,2023-12-15
1307,Bryan Wilson,59.0,IT,37856.0,2020-01-27
1308,Karen Wilcox,58.0,finance,-1.0,2017-04-21
1309,David Johnson,54.0,IT,106448.0,2025-02-11
1310,Cody Barnes,34.0,IT,117904.0,2015-04-15
1311,Gary Marshall,56.0,finance,39969.0,2023-03-04
1312,Amanda King,56.0,HR,95305.0,2016-10-07
1313,Michael Manning,28.0,IT,69462.0,2015-08-15
1314,Crystal Freeman,28.0,IT,56287.0,2018-11-05
1315,Adrian Stevenson,18.0,hr,,2023-12-25
1316,Emily Gardner,36.0,finance,,2024-02-09
1317,Pamela Holland,25.0,Finance,95641.0,2023-01-30
1318,Kimberly Lopez,29.0,HR,35544.0,2023-09-25
1319,Kendra Wilson,50.0,HR,93248.0,2019-12-31
1320,Elizabeth Andrews,,finance,,2016-07-24
1321,Justin Gibson,22.0,it,110021.0,2021-01-20
1322,David Collins,44.0,it,80713.0,2020-02-06
1323,Ricky Austin,47.0,hr,88466.0,2017-12-04
1324,Gary Steele,40.0,hr,101218.0,2017-09-24
1325,Donna Holland,37.0,finance,46984.0,2015-11-24
1326,Kevin Logan,19.0,hr,52760.0,2015-07-15
1327,Jason Little,50.0,HR,79402.0,2022-12-08
1328,Jesus Hull,35.0,HR,65891.0,2019-12-07
1329,Kayla Smith,45.0,Finance,,2022-08-23
1330,Leah Willis,50.0,it,96745.0,2020-07-05
1331,John Duke,32.0,finance,48562.0,2020-07-26
1332,Kelly Jenkins,19.0,IT,-1.0,2024-07-07
1333,John Walker,58.0,it,45791.0,2022-04-02
1334,Nicole Hall,28.0,IT,97906.0,2022-10-24
1335,Lisa Gutierrez,31.0,Finance,95864.0,2025-01-06
1336,Teresa Young,26.0,Finance,,2021-11-07
1337,Jack Scott,45.0,hr,62888.0,2018-03-19
1338,Jonathan Garcia,23.0,Finance,50608.0,2018-07-27
1339,Jennifer Gallagher,19.0,Finance,-1.0,2022-06-15
1340,Lisa Nunez,20.0,IT,87676.0,2016-08-06
1341,Shelia Gutierrez,57.0,hr,80468.0,2023-12-05
1342,Courtney Parker,58.0,Finance,61663.0,2020-03-24
1343,Kaitlyn Donaldson,52.0,it,88773.0,2022-11-29
1344,William Guzman,32.0,Finance,39718.0,2023-12-04
1345,David Martin,38.0,hr,30028.0,2017-05-18
1346,Mackenzie Collier,48.0,finance,47397.0,2020-02-02
1347,Zachary Adams,41.0,hr,75406.0,2018-06-05
1348,Angel Martinez,45.0,IT,43503.0,2017-08-04
1349,Desiree Miller,35.0,finance,112674.0,2021-02-05
1350,Jennifer Rojas,26.0,it,,2024-03-08
1351,George Chung,47.0,HR,95054.0,2021-12-01
1352,Natalie West,51.0,hr,,2022-11-03
1353,Jennifer Gomez,20.0,IT,88701.0,2017-07-01
1354,Carol James,32.0,it,111199.0,2017-02-19
1355,Anthony Boyd,40.0,finance,111218.0,2018-12-27
1356,Michelle Nelson,49.0,it,58561.0,2016-03-04
1357,Erica Jackson,53.0,hr,103302.0,2016-03-29
1358,Daniel Ford,41.0,Finance,59504.0,2015-11-02
1359,Ashley Blackburn,45.0,hr,70297.0,2017-03-30
1360,Gregory Day,21.0,HR,98607.0,2018-05-01
1361,Diana Flores,18.0,hr,-1.0,2022-05-26
1362,James Baker,37.0,finance,98222.0,2017-11-06
1363,Erika Howe,27.0,finance,,2019-02-09
1364,Elizabeth Martinez,45.0,hr,46459.0,2022-03-02
1365,Michael Jacobs,48.0,finance,35057.0,2019-09-19
1366,Kenneth Benson,28.0,Finance,,2019-08-02
1367,Elizabeth Edwards,55.0,it,,2017-06-02
1368,Veronica Craig,25.0,hr,59680.0,2021-05-09
1369,Laura Perkins,29.0,Finance,104400.0,2018-09-09
1370,Christopher Roberts,48.0,it,,2017-01-18
1371,Michael Gonzalez,22.0,it,38123.0,2021-05-06
1372,Anita Brooks,41.0,Finance,59825.0,2015-07-30
1373,Jocelyn Dixon,28.0,IT,98322.0,2015-10-08
1374,Michelle Woodward,43.0,hr,,2018-08-15
1375,Frank Peters,44.0,it,53806.0,2024-01-16
1376,Caitlin Weaver,23.0,it,47043.0,2017-01-21
1377,Cynthia Garcia,32.0,finance,98993.0,2016-03-31
1378,Aaron Mccarthy,,it,104777.0,2021-11-10
1379,Amanda Reynolds,,Finance,117362.0,2017-02-25
1380,Thomas Lawrence,54.0,it,-1.0,2017-11-20
1381,Walter Heath,23.0,IT,107707.0,2015-12-15
1382,Bradley Delacruz,,hr,,2025-02-04
1383,Ashley Briggs,30.0,hr,32017.0,2017-04-16
1384,Ernest Williams,34.0,it,34792.0,2020-11-17
1385,Jeffrey Johnson,39.0,HR,81586.0,2017-07-15
1386,Tiffany Lewis,54.0,HR,40707.0,2021-01-06
1387,Joseph Burns,30.0,Finance,33543.0,2019-03-19
1388,Scott Davis,39.0,HR,65031.0,2022-01-25
1389,Jason Stafford,40.0,Finance,87851.0,2024-04-27
1390,Bonnie Huff,59.0,finance,95867.0,2025-01-27
1391,Rebecca Burton,38.0,Finance,-1.0,2018-12-05
1392,Lori Clark,,HR,44591.0,2022-09-03
1393,Elizabeth Williams,56.0,it,30727.0,2024-11-10
1394,Anthony Greene,18.0,finance,118534.0,2018-03-06
1395,Kendra Gallegos,,HR,90091.0,2021-04-24
1396,Nicholas Hart,30.0,Finance,47393.0,2024-10-22
1397,Jennifer Clark,28.0,IT,77934.0,2023-11-12
1398,Brianna Gutierrez,34.0,hr,111103.0,2021-04-21
1399,Jenna Brown,35.0,HR,119367.0,2020-03-07
1400,Morgan Martin,41.0,Finance,-1.0,2019-01-09
1401,Rebecca Roberts,54.0,finance,65929.0,2017-11-19
1402,Michael Robbins,25.0,HR,86630.0,2017-01-26
1403,Jacob Mclaughlin,34.0,HR,39215.0,2021-08-20
1404,Melvin Flores,36.0,hr,117580.0,2016-12-14
1405,Christina Miller,,Finance,55008.0,2024-04-26
1406,Natasha Thomas,28.0,IT,,2023-12-01
1407,Scott Parker,29.0,finance,,2018-11-01
1408,David Mccoy,28.0,Finance,89789.0,2016-04-21
1409,Sarah Williams,22.0,finance,93645.0,2017-09-14
1410,Julie Cobb,37.0,HR,37526.0,2021-08-24
1411,Angela Reed,,hr,98049.0,2021-03-04
1412,Robert Walker,36.0,hr,89117.0,2015-10-01
1413,Nicole Fox,49.0,it,111383.0,2016-05-24
1414,Susan Simpson,53.0,IT,,2015-05-08
1415,Amanda Weaver,50.0,hr,105701.0,2023-07-01
1416,Christian Brown,40.0,HR,71954.0,2017-07-09
1417,Heather Duncan,,IT,30595.0,2024-06-15
1418,Holly Hickman,34.0,Finance,92665.0,2024-10-21
1419,Jesse Scott,31.0,hr,45882.0,2017-07-06
1420,Regina Lopez,45.0,IT,53769.0,2020-02-12
1421,Frank Hernandez,21.0,HR,115374.0,2020-05-06
1422,Heather Tucker,52.0,it,63798.0,2021-01-29
1423,Luke Boyer,26.0,finance,76073.0,2023-06-29
1424,Justin Lewis,34.0,finance,73005.0,2016-03-20
1425,Richard Miller,50.0,HR,58400.0,2017-08-28
1426,Lisa Kelly,36.0,HR,53535.0,2016-04-04
1427,Sandra Wilkerson MD,20.0,finance,111029.0,2022-11-17
1428,Kimberly Krause,,it,58251.0,2023-03-09
1429,Mitchell Conner,48.0,IT,78037.0,2021-04-10
1430,Shannon Smith,,finance,101621.0,2019-11-30
1431,Karen Miller,39.0,HR,119654.0,2024-12-09
1432,Joseph Lewis,27.0,hr,40702.0,2018-02-02
1433,Patrick Miller,38.0,Finance,39336.0,2021-05-21
1434,Ronnie Baldwin,19.0,it,66021.0,2023-06-24
1435,Timothy Smith,52.0,it,119630.0,2017-09-22
1436,Dr. Marvin Anthony,47.0,hr,114585.0,2021-12-09
1437,Anne Martinez,36.0,hr,79037.0,2018-06-12
1438,Susan Ellis,43.0,HR,33513.0,2016-06-14
1439,Erica Martinez,24.0,finance,74140.0,2020-10-26
1440,Jordan Stone,20.0,IT,107658.0,2020-12-06
1441,Erik Bishop,42.0,it,61007.0,2023-03-14
1442,Margaret Torres,32.0,it,56393.0,2021-07-26
1443,Jackie Perez,,hr,,2019-08-07
1444,Donald Todd III,26.0,finance,39107.0,2018-08-02
1445,Amanda Spencer,53.0,it,82066.0,2021-09-17
1446,Jonathan Shah,57.0,IT,46138.0,2022-06-16
1447,Gloria White,51.0,hr,74527.0,2019-06-16
1448,Cassandra Coleman,21.0,IT,108422.0,2017-08-31
1449,Tracy Yoder,55.0,finance,59086.0,2019-12-21
1450,Kenneth Holmes,25.0,it,113569.0,2017-04-21
1451,Kenneth Woodward,,Finance,33435.0,2024-11-14
1452,Larry Parsons,51.0,it,58942.0,2024-11-06
1453,Brady Lester,36.0,finance,,2017-07-25
1454,Mr. Roy Richardson,33.0,it,83014.0,2016-08-07
1455,Kathryn Peck,34.0,it,73890.0,2015-06-21
1456,Jamie Hensley,59.0,HR,,2019-05-11
1457,Scott Wagner,55.0,it,105164.0,2023-11-28
1458,Christine Jacobs,19.0,it,66113.0,2021-08-08
1459,Joseph Sanchez,48.0,IT,50365.0,2023-06-02
1460,Kaitlyn Taylor,56.0,Finance,,2016-10-14
1461,Kathy Pollard,,IT,57499.0,2022-10-19
1462,Megan Vaughn,44.0,IT,76157.0,2019-03-20
1463,Mary Anthony,56.0,hr,71034.0,2017-03-05
1464,Lori Coleman,18.0,HR,54596.0,2016-03-16
1465,Zachary Walls,,IT,88382.0,2024-06-02
1466,Lisa Williams,38.0,finance,113029.0,2022-03-28
1467,Miguel Carson,36.0,finance,104099.0,2015-04-14
1468,Jason Sampson,39.0,it,92257.0,2022-04-27
1469,Allison Turner,40.0,hr,88436.0,2021-07-07
1470,Alexandria Holmes,27.0,HR,,2015-08-24
1471,Julie Washington,25.0,HR,107924.0,2017-11-29
1472,John Smith,37.0,it,76737.0,2015-04-11
1473,David Chapman,31.0,finance,103970.0,2017-10-20
1474,Karen Lam,41.0,Finance,57472.0,2019-01-08
1475,Christopher Richmond,47.0,hr,-1.0,2025-02-03
1476,Tammy White,,it,32765.0,2018-03-10
1477,Mark Hamilton,25.0,hr,59283.0,2024-11-22
1478,Kenneth Johnson MD,48.0,finance,30769.0,2022-01-13
1479,Jennifer Johnson,35.0,finance,32972.0,2024-09-11
1480,Erica Roberts,28.0,Finance,,2016-01-21
1481,Edward Crane,32.0,Finance,69339.0,2016-03-02
1482,Ms. Krista Edwards,46.0,HR,72399.0,2022-01-23
1483,Marilyn Fields,49.0,hr,44706.0,2023-06-07
1484,Jeffrey Fernandez,34.0,hr,106631.0,2017-03-11
1485,Nina Carter,25.0,finance,93767.0,2024-09-27
1486,Justin Williams,,HR,,2020-12-06
1487,Rachael Davis,,it,39930.0,2019-03-26
1488,Daniel Kelley,18.0,hr,65863.0,2017-06-20
1489,Margaret Welch,26.0,HR,30555.0,2022-05-28
1490,Robyn Adams,21.0,HR,96922.0,2021-03-19
1491,Peter Wolfe,,finance,40619.0,2020-12-26
1492,Jaime Rodgers,,HR,89274.0,2015-06-18
1493,Anthony Campbell,29.0,Finance,,2015-04-03
1494,Dominique Chavez,34.0,Finance,83019.0,2016-01-01
1495,Megan Williams,43.0,IT,37373.0,2017-05-13
1496,Melissa Christensen,44.0,finance,97863.0,2017-08-16
1497,Aimee Roberts,27.0,it,114085.0,2021-02-22
1498,Ashley Whitehead,38.0,IT,,2020-05-03
1499,Jennifer Gray,30.0,Finance,63760.0,2017-12-22
1500,Ryan Rogers,41.0,IT,34381.0,2024-12-05
